"message","post_id","timestamp","reactions_count"
"Mga Dapat Gawin Kapag may Lagnat ang Baby (0–12 Months) 👶🌡️

Kapag may lagnat ang baby, natural lang na kabahan ang mga magulang—lalo na kung siya ay 0–12 months pa lamang. Dahil maselan pa ang katawan ni baby, mahalagang tama at ligtas ang mga hakbang na gagawin.

✅ Mga DAPAT Gawin

🌡️ 1. Sukatin ang temperatura ni baby
Normal na body temperature: 36.5°C – 37.5°C
👉 Lagnat kung 38°C pataas.
Mas mainam gumamit ng digital thermometer.

🍼 2. Padedehin nang mas madalas
Kung breastfed, ituloy ang breastfeeding.
Nakakatulong ito laban sa dehydration at nagpapalakas ng resistensya.

👕 3. Bihisan ng preskong damit
Iwasan ang makapal na damit o kumot.
Panatilihing komportable at hindi naiinitan si baby.

🛏️ 4. Bigyan ng sapat na pahinga
Hayaan si baby na magpahinga at matulog hangga’t kaya.
Mas mabilis gumaling ang katawan kapag may pahinga.

🧴 5. Punasan ng maligamgam na tubig (Tepid Sponge)
Punasan ang leeg, kilikili, at singit.
❌ Huwag gumamit ng malamig na tubig o alcohol.

💊 6. Gamot kung may payo ng doktor
Paracetamol lamang ang karaniwang ligtas para sa baby—ayon sa tamang dose at reseta ng doktor.

❌ Mga HINDI DAPAT Gawin

🚫 Huwag basta magbigay ng gamot nang walang payo ng doktor
🚫 Huwag balutin ng makapal na kumot
🚫 Huwag pahiran ng alcohol ang katawan
🚫 Huwag ipagwalang-bahala ang matagal o paulit-ulit na lagnat

🚨 Kailan DAPAT Dalhin agad kay Doctor?

⚠️ Kung ang baby ay:
0–3 months at may lagnat kahit isang beses
May lagnat na lampas 38.5°C
May seizure/kinukumbulsyon
Matamlay, ayaw dumede, o iritable
May kasamang ubo, sipon, pagtatae, o pagsusuka
Lagnat na higit 24–48 oras

💬 Paalala sa mga Magulang:
Ang lagnat ay sintomas, hindi sakit. Senyales ito na may nilalabanan ang katawan ni baby. Mas mahalaga ang maagang pag-obserba at tamang pag-aalaga.

👶🤍 Mommy at Daddy, sapat na ang inyong pagmamahal—dagdagan lang ng tamang kaalaman.

#LagnatNiBaby #BabyCarePH #mom2th
#mamaslove  #BabyHealth #momlifehacks","4234805846762213","1769315347","1178"
"mga mii, normal langba pa balik balik lagnat ne baby .. teething stage na kasi Siya😔","1989725038640084","1770306253","19"
"Wag ipagsawalang bahala ang simpleng ubo at lagnat lalo na pag bata. Fly high 3yrs old little boy 🕊️ 🕊️ #Katusok","26084263801204435","1771491406","14071"
"AWARENESS FOR RABIES ‼️

My kuya was bitten by a puppy last September 18, 2025. Hindi siya nagpa-inject kasi siguro iniisip niya na tuta lang iyon, kaya wala rabies. But a lot of people told him to get anti-rabies vaccine kasi namatay ang puppy after siyang makagat. Namatay ang aso na may bula-bula ang bibig which is a sign that the puppy was infected with rabies.
But sadly, binalewala ng kuya 😢 (WALA KAMING IDEA NA NAKAGAT SIYA NG ASO, AT HINDI SIYA NAG-OPEN SA AMIN.)

January 2026, palagi nang umiinda ang kuya na medyo masama raw ang pakiramdam niya, kaya akala namin simpleng lagnat lang.

February 1, 2026, nag-visit ako sa bahay. Bigla niyang sinabi sa akin na masakit daw yung tiyan niya parang pinipiga ang bituka niya kapag kumakain siya. Nahihirapan din siyang lumunok at masakit ang lalamunan niya. Inadvise ko siyang magpa-check up kasi baka dahil sa mga kinakain niya o resulta ng palagi niyang pag-inom.

February 15, 2026, sinugod na si kuya sa hospital kasi nahihirapan na siyang huminga 😢 Doon lang namin nalaman na nakagat pala siya ng tuta last year pa 😭 Wala pang 24 hours, binawian agad ng buhay ang kuya, dahil kumalat na ang infection sa utak niya 😞

Grabe ang sakit, at biglaan ang lahat, Kuya. Pasensya na kung hindi ako bumisita. Kung pwede lang, kung kaya ko lang na makita kang nahihirapan huminga, pero hindi, hindi ko kaya💔 pasensiya narin kung hindi kita nadalhan ng gusto mong pag kain. 

Kuya mahal na mahal ka namin at palagi kang nasa puso naming mga kapatid mo🕊️❤️‍🩹

PS: KUNG MERON MANG NAKAGAT NG ASO O PUSA AT KAHIT KALMOT LANG MAS MAINAM NA MAG PA ANTI RABIES AGAD PARA MAIWASAN ANG PAG KALAT NG RABIES SA KATAWAN‼️","2531940147243104","1771169950","6405"
"Napakabisang gamot sa ubo, sipon, lagnat o trangkaso at makating lalamunan ang pinagsamang bawang, sibuyas, luya at Lemon na ibinabad sa honey. Napaka epektibo, maraming bitamina at super effective na organic herbal medicine. #fbviralpost","856786103906459","1768515166","864"
"unang lagnat ngayong 2026 😅😅😅","1643906503353461","1770635962","3"
"lambing yung hinihingi ko lagnat yung binigay (#)","122165055374441213","1754308395","404"
"lambing gusto ko e, lagnat binigay","1379288600381212","1758620337","251"
"Pano po malalaman my lagnat ang shih ko?.,matamlay kc sya tapos mainit sya ano kaya pwedi gamot","1449020499969860","1767425462","33"
"Ano na naman kaya ang nilalaganat ng baby ko, 
#thermometer #lagnat","4721283491431616","1770539025","19"
"Ano na naman kaya ang nilalaganat ng baby ko, 
#thermometer #lagnat","4721283491431616","1770539025","19"
"tanginang lagnat to long lasting","1403569148037875","1761382426","606"
"Kaya pala halos hindi gumagaling lagnat ko nagka dengue na pala ko buti nalang nawala yung lagnat ko ang prblma ko nlng ung platelet ko araw araw bumababa kaya khit wala ng lagnat kaylangan i admit, 3 hospital na yung napuntahan namin punoon din dahil sa maraming ngkkasakit at my dengue kaya ingat po ang lahat, kahapon pa po ako nakalabas ng hospital at ok na din pakiramdam 🙏","1524831005423358","1765018733","123"
"putangina sa edad kong to naiiyak pa ako sa lagnat","740404455709547","1758364004","14863"
"naisip ko lang, what if may ka-live in na me ganern tapos nilagnat ako, tapos gusto ko tabi pa rin kami pero sabi niya “eh ayoko mahawa pa ‘ko sa ‘yo.” grabe siguro iyak ko niyan, para siguro akong inaapi ng mundo. like?? imagine, may lagnat ka na tapos ayaw ka pang tabihan ng sugarplum mo.","850428894298925","1765552259","25275"
"⚠️Parenting Tips‼️May lagnat ang anak? Mga dapat gawin para bumaba ang lagnat nito!

Sa pag aalaga sa batang may lagnat, maaaring ayaw niyang uminom ng gamot. 

Natural lang sa atin ang mag-alala, subalit sa halip na mabalisa, dapat ay maging handa tayo sa mga ganitong sitwasyon at alamin kung ano ang mga dapat gawin para bumaba ang lagnat ng bata.
_______
🤔Paano masasabing may lagnat ang bata?
Ang paglalagay ng kamay sa noo at leeg ay isa sa mga paraan na nakasanayan natin para masabing may lagnat ang bata o isang tao. 
🌡️Pero para mas maging accurate, may tatlong paraan gamit ang thermometer ang inirerekumenda ng mga doktor.

Ang mga paraan na ito ay naiiba base sa kung saang parte ng katawan kinunan ng temperature ang bata. At sa bawat parte ng katawan na ito ay maaaring maiba-iba ang makuhang temperatura.

🤒Kung gagamit ng oral thermometer o sa pamamagitan ng bibig kinuha ang temperatura ng isang bata, masasabing siya ay may lagnat sa oras na lumagpas sa 100°F o 37.8°C ang nakuhang temperatura sa kaniya.

🌡️Kung ang temperatura naman ay kinuha gamit ang rectal thermometer o sa puwit, masasabing may lagnat ang bata sa oras na higit sa 100.4°F o 38°C ang temperaturang nakuha.

🌡️Habang kung sa kili-kili naman kinuha ang temperatura o axillary kung tawagin, ang bata ay masasabing may lagnat na sa oras na higit sa 99°F o 37.2°C. Masasabi namang mataas ang lagnat ng bata sa oras na ito ay umabot na sa 102°–104°F o 38.9°–40°C. 

✅Kapag mataas ang lagnat ng iyong anak, importante ring alamin ang tamang gamot sa lagnat ng bata 4 years old pababa upang masiguro ang kanilang mabilis na paggaling.
________
‼️Narito ang ilang mga hakbang na makatutulong upang mabawasan ang kanilang lagnat at maibalik ang kanilang sigla. Magsimula tayo sa mga simpleng bagay na maaaring gawin para bumaba ang lagnat at mas mapadali ang kanilang paggaling.

🤔Paano mawala ang lagnat ng bata?‼️

1. Siguruhing presko ang kaniyang suot

Kung hindi naman siya nilalamig, hindi tama na kumutan ang bata na nilalagnat. Kapag ginagawa ito, mas lalong tumataas ang temperatura at mas lalong iinit ang katawan. Kailangang malamigan ang kanyang katawan kaya bawasan ang layer ng kaniyang suot para bumaba ang temperatura.

2. Mabisang gamot sa lagnat ng bata: Hikayatin siyang uminom ng inumin

Siguraduhing nakaka-inom ng walong basong tubig ang batang may lagnat. Makakatulong ito para mailabas ang init ng katawan sa pamamagitan ng pag-ihi.

3. Pakainin siya ng marami

Mas mabilis gumaling ang bata kung siya ay kumakain ng sapat. Mas mapalalakas nito ang kanyang katawan para mas mabilis siyang gumaling. Kaya naman mas mainam kung mainit na sabaw ang pakakainin.

4. Maligamgam na panligo. 

Iwasang paliguan ng malamig na tubig ang iyong toddler.  Paliguan ang bata ng ilang minuto gamit ang maligamgam na panligo.

5. Sponge bath

Kung ayaw syang paliguan, subukan ang maligamgam na sponge bath para mapababa ang kanyang lagnat. Pagkatapos ay bihisan agad ang bata para hindi na siya lamigin.

6. Cold Compresses: Nilalagay sa noo ng bata pag may lagnat

Ang paglalagay ng malamig na washcloth sa kanyang noo, pulso, at mga bahagi ng katawan kung saan malapit ang mga ugat sa balat. Ang nilalagay sa noo ng bata pag may lagnat ay makakatulong para maging presko ang kaniyang pakiramdam.

7. Alukin siya ng ice cubes

Kung ayaw niya uminom, bigyan siya ng ice cubes o ice chips na maaaring sipsipin. Makakatulong ito na ma-hydrate siya at mapalamig din. 
_________
☝🏽⚠️Dapat tandaan sa pagpapa-inom ng pampababa ng lagnat ng bata na gamot‼️

Kung paiinumin ng mabisang gamot sa lagnat ng bata, siguraduhing sundin ang payo ng doktor. Isa sa mga bagay na dapat alamin ay ang klase ng gamot na mayroon kayo, o kung ano ang dapat bilhin. 

✔️Before you give the medication(paracetamol) dapat you have to check the PREPARATION minsan sinasabi ng parents, ‘syrup po ‘yong meron ako’ but actually if you look at the box ay drops ‘yon.

✔️So ‘pag drop hanggang 2 years old very concentrated ‘yong forrmulation ng gamot. So 1 ml of a drop will have 100 mg versus mga mas dilute ang syrup.

✔️Yong iba 120 per 5 ml. ‘yong iba 250mg per 5 ml. So number 1, be very careful. Be very careful of what you actually have or what you actually bought.”

✔️dapat ding tignan ang tamang DOSAGE para sa anak. Kadalasan umano itong nakabase sa bigat ng bata. 

✔️But best if you really ask your pediatrician what’s the safe range because if you overdose on paracetamol, depending on the dose, pwedeng magkaroon ng liver failure young bata.

✔️That’s one cause din for bringing a child to go to the emergency room if masyadong madami ‘yong nainom ng bata kasi that could have long-term effects. 

✔️📌One thing I can really recommend to parents is to before you give any medication, you should check the preparation and check the dose. Because it is not a drug that has no side effects if you overdose it. 

✔️If you’re giving the proper dose, the proper time but still the temperature is not going down, baka kailangan talaga mas ma-assess yung bata. Baka may iba palang infection kaya hindi nawawala and lagnat.

✔️Kaya naman, importanteng magkaroon ng body thermometer lagi sa bahay para sa mga panahong ganito para ma monitor mo ang lagnat sa bata temperature.
_________
Tandaan‼️Kung ang lagnat ng iyong anak ay tumagal ng tatlong araw o higit pa, o kaya naman ay hindi bumababa sa tulong ng home remedies at gamot sa lagnat na nireseta ng doktor, pumunta na sa pinaka malapit na ospital upang siya ay mabigyan ng tamang diagnosis at prescription.

👍🏼Dalhin din ang bata sa ospital agad-agad kapag ang kaniyang lagnat ay sinasamahan ng mga sumusunod na sintomas:

📌pamumutla o kulay blue na labi, dila o mga kuko
📌pagiging balisa at patuloy na pag-iyak
ayaw uminom ng tubig
 📌kinokombulsyon (seizures)
📌may senyales ng dehydration (kaunting ihi, 📌walang luha kapag umiiyak)
📌pananakit ng tiyan
📌nahihirapang lumakad
📌stiff neck
📌nahihirapang huminga o hinihingal
📌rashes na kulay purple na parang pasa

Source: WebMD, NHS, Arnold Palmer Hospital, Cleveland Clinic, Very Well Family, Kids Health,theasianparent
Dr.Mitch V. Mendoza

@everyone
@followers
@highlight","778908398244725","1760144420","489"
"laplapan ang gamot sa lagnat, hindi ba?","1573960837014695","1765621800","8"
"mga mii, normal langba pa balik balik lagnat ne baby .. teething stage na kasi Siya😔","1989725038640084","1770306253","19"
"putangina sa edad kong to naiiyak pa ako sa lagnat","740404455709547","1758364004","14863"
"sino mabait jan? sainyo nalang itong lagnat ko","1608527873557991","1768216151","20"
"Pagaling kna bta taas lagnat mo🙏😘
Pra mkapasok na si mader🙏
#temperature","4351031888549625","1770693301","44"
"Mga mommy pag may lagnat ba si baby wag tapatan ng efan or bawal mag aircon para pagpawisan? Tnx","1451168159985198","1771675639","6"
"mga mii, normal langba pa balik balik lagnat ne baby .. teething stage na kasi Siya😔","1989725038640084","1770306253","19"
"paano raw po tanggalin yung lagnat? edi, baliktarin mo bwhahawhahaha waley na","1626354588441986","1769441908","5"
"Uso ba lagnat ngayon? nilagnat kasi kami lahat sa bahay namin bago kami mag flight nung friday dapat 😭😭","709605331402769","1756224144","7"
"bkt kaya pabalik² ang lagnat ng baby ko, 😢","1921475388798383","1763256259","22"
"Hello po ..7 months pregnant 🥲my ubo, lagnat , sipon pwede po ba ako uminom ng biogesic? Hindi kasi ako maka pag check up wala pang Pera.. Respect post","1420659902997684","1762570389","15"
"May pneumonia si LO ko 3 months siya now hindi halata kasi masigla, magana kumain, walang lagnat at sipon lang meron may paminsang ubo na kapag nasasamid lang. nahawa siguro dito sa bahay halos lahat may ubo at ako lang nag kukusang mag facemask dito sa bahay di ko sila ma required side kasi ng hubby. Ayaw pa sana ipadala sa hospital ng baby daddy ako lang nag pilit talaga kasi iba na ang pag hinga kapag tulog at hirap makatulog kapag naka lapag. May pahalak halak din siya kapag after dumede ayaw pa nila maniwala sakin. Please trust your instincts mga mommy wag na mag self medicate hanggat maari. Ang sabi ng doctor buti naagapan ngayon di kami na admit pero may antibiotics na pinainom at pausok tas monitoring sa breathing ni baby balik na for follow up after 5 days.","2260557074353658","1770451844","17"
"mga kulay ng vaginal discharge at mga posibleng sintomas.

🟢 Clear / Transparent
Kahulugan: Normal
Sintomas:
Walang amoy
Medyo madulas o parang egg white (karaniwan sa ovulation)

⚪ Putî
Kahulugan: Normal kung walang ibang sintomas
Babala kung:
Makati
Makapal parang keso
➡️ Posibleng yeast infection

🟡 Dilaw
Kahulugan:
Normal kung maputla at walang amoy
Hindi normal kung matingkad at mabaho
Sintomas:
Mabahong amoy
Pangangati o hapdi
➡️ Posibleng bacterial infection o STI

🟢 Berde
Kahulugan: Hindi normal
Sintomas:
Mabaho
Makati
Masakit sa pag-ihi
➡️ Posibleng impeksiyon (kailangang ipatingin)

🔴 Pula / Pink
Kahulugan:
Regla
Spotting (normal minsan)
Babala kung:
Hindi ka nireregla
Paulit-ulit
➡️ Pwedeng hormonal issue o ibang kondisyon

⚫ Kayumanggi
Kahulugan:
Lumang dugo (karaniwan bago o pagkatapos ng regla)

Babala kung:
May kasamang sakit o mabahong amoy
⚠️ Kailan dapat magpatingin?
Matinding pangangati o hapdi
Mabahong amoy
Berde o matingkad na dilaw na discharge
May kasamang lagnat o pananakit ng puso

#VaginalDischarge
#KulayNgDischarge
#KalusuganNgKababaihan
#WomenHealth
#selfcare","829964596766511","1770674750","17397"
"‼️10 FACTS ABOUT DENGUE FEVER ‼️

1. Virus ang Dengue. Hindi siya bacteria. Kaya hindi kaylangan ng antibiotics.

2. Katulad ng ibang virus, self limiting din ang sakit na ito, kusa itong mawawala kahit walang gamot. 

3. Hydration ang importante kapag may dengue ang bata. Mas mainam na mag pa inom ng mga Oral Rehydration Solution na pwedeng bilhin sa mga drug store para hindi ma dehydrate si baby. 

4. Ilan sa mga warning signs ng dengue ay pananakit ng tiyan, pag susuka, pag durugo ng ilong at gilagid, at pagtamlay. Mas mainam naka admit si baby pag may warning signs para mas ma-monitor ng maigi. 

5. Ang pag baba ng platelet ay hindi warning sign. 
Ngunit ang pag akyat ng pula ng dugo (hematocrit) ang siyang mas mapanganib. 

6. Hindi ito nakakahawa. Ito ay sanhi ng kagat ng lamok.

7. Nakakatakot ang dengue pag hindi maaagap. Kaya mag patingin agad sa Doctor pag may sintomas ng pag lagnat ng ilang araw, pananakit ng tiyan, suka ng suka, pag tamlay, walang ganang kumain.

8. Tungkol sa tawa tawa para mapataas ang platelet — May ilang maliit na pag-aaral na nagsasabing puwede itong makatulong, pero kulang pa ang matibay na ebidensya. Hindi pa ito aprubado ng DOH o WHO bilang gamot sa dengue.

9. Dumadami ang kaso ng Dengue Fever ngayon kaya mag ingat. Itapon ang mga nakaimbak na tubig sa bahay. Maglinis ng kanal. Gumamit ng mosquito repellent sa mga bata edad 1 yr old pataas. Mag pasuot ng mahahabang damit at pajama lalo na sa gabi. Gawin maaliwalas at malinis ang paligid. Gumamit ng kulambo kung maaari.

10. Walang pinipiling edad ang dengue. #DengueFacts #PediaMom","1270949321711659","1759463424","1492"
"TB Patient po, may issue po sa 4 in 1 na gamot.

May tolerable na pangangati sa Isoniazid at Refampicin, pero sa ethambutol nilalaganat po.

Ano pong dapat gawin? 3 tabs ng 4 in 1 ang iniinom, kaso di po kaya.

Sinasabayan na namin ng cetirizine at biogesic pero yung lagnat ayaw mawala.

Sana po may makasagod, as per Doctor po, hindi daw pwede bawasan o baguhin yung gamot. 😔","1566928091054452","1771831420","4"
"Ang taas po ng lagnat ng anak ko, start lang kaninang after lunch 38.4, nag paparacetamol din siya every 4 hours. Mainit yung ulo niya pero yung talampakan niya malamig. Nangyari na din po ba ito sa mga anak niyo, ano pong first aid na pwedeng gawin?","2313582659154346","1767438443","16"
"being a good person doesn't mean tolerating everything.

you can be kind and generous and still know where your limits are. you can care deeply for others and still choose yourself when something isn't right for you. Setting boundaries doesn't make you cold, selfish, or difficult it means you're human and you're protecting your peace.

the right people will respect that.","681621184943296","1756270067","5285"
"gusto ko pera, binigay sakin lagnat","610365125326401","1742812802","750"
"grabe ubo at sipon ng LO ko  my lagnat nadin sya ano kayang mabisang pang gamot  sabe ksi s pedia bawal p sya pa inomin ng gamot kasi 4mos palang paracetamol lang ang pwd🥲 hilaw ang sipon nya","2344727836039828","1769877519","221"
"Pang 3 days na ngaun ung lagnat ng bb ko Positive sya sa dengue & thypoid normal pa ba yun na hindi bumababa ung lagnat kahit nakaparacetamol na cya","1558540035292908","1766937329","16"
"‼️10 FACTS ABOUT DENGUE FEVER ‼️

1. Virus ang Dengue. Hindi siya bacteria. Kaya hindi kaylangan ng antibiotics.

2. Katulad ng ibang virus, self limiting din ang sakit na ito, kusa itong mawawala kahit walang gamot. 

3. Hydration ang importante kapag may dengue ang bata. Mas mainam na mag pa inom ng mga Oral Rehydration Solution na pwedeng bilhin sa mga drug store para hindi ma dehydrate si baby. 

4. Ilan sa mga warning signs ng dengue ay pananakit ng tiyan, pag susuka, pag durugo ng ilong at gilagid, at pagtamlay. Mas mainam naka admit si baby pag may warning signs para mas ma-monitor ng maigi. 

5. Ang pag baba ng platelet ay hindi warning sign. 
Ngunit ang pag akyat ng pula ng dugo (hematocrit) ang siyang mas mapanganib. 

6. Hindi ito nakakahawa. Ito ay sanhi ng kagat ng lamok.

7. Nakakatakot ang dengue pag hindi maaagap. Kaya mag patingin agad sa Doctor pag may sintomas ng pag lagnat ng ilang araw, pananakit ng tiyan, suka ng suka, pag tamlay, walang ganang kumain.

8. Tungkol sa tawa tawa para mapataas ang platelet — May ilang maliit na pag-aaral na nagsasabing puwede itong makatulong, pero kulang pa ang matibay na ebidensya. Hindi pa ito aprubado ng DOH o WHO bilang gamot sa dengue.

9. Dumadami ang kaso ng Dengue Fever ngayon kaya mag ingat. Itapon ang mga nakaimbak na tubig sa bahay. Maglinis ng kanal. Gumamit ng mosquito repellent sa mga bata edad 1 yr old pataas. Mag pasuot ng mahahabang damit at pajama lalo na sa gabi. Gawin maaliwalas at malinis ang paligid. Gumamit ng kulambo kung maaari.

10. Walang pinipiling edad ang dengue. #DengueFacts #PediaMom","1270949321711659","1759463424","1492"
"tinatablan din pala ng lagnat ang masarap na katulad ko","1421809062369386","1749050276","7"
"gusto ko pera, binigay sakin lagnat","610365125326401","1742812802","750"
"Gusto ko makabasa ng comforting words po galing sa mga nanay na at lalo na sa mga naka experience ng case ko. December 10 iniwan ako ng pinakamamahal ko na anak 2 months and 10 days na sya. Cause of death SUDDEN INFANT DEATH SYNDROME. Sobrang sakit bilang isang ina na iwan lang bigla. Super healthy nya walang complication, newborn test at lahat. Natuwa pa nga si doc kasi perfect ang hearing test nya, wala din siyang lagnat o any complication, magka sinat lang nga sya pacheck up agad. Di din sya nakatagilid kasi di pa sya marunong, ganyan mismo ang pwesto nya nung natulog sya at ganyan din pwesto nya nung nawala sya. Pinapunta nya lang ako sa trabaho dahil 4:23 am umalis na ako para magwork. Tas 7: 33am na ako nakatanggap ng tawag na isinugod anak ko sa ER at yun ang pinaka masakit sa lahat. . Kung pwede po sana walang CONDOLENCES comforting words po sana para gumaan kahit papano ang pakiramdam ko. Its been 5 days na pero iba na tumatakbo sa isip ko. Pinipigilan ko hanggat kaya pa, iba pala talaga pag ikaw na mismo ang maka experience nito😭😭 Ito yung litrato nya na huli nung gabi na pinasukat ko sa kanya ung damit na inorder ko.. pagka madaling araw 4 am nag play pa kami tapos 7 am sinugod sya sa hospital wala na pag asa. Ang sakiitt.","2294997594346186","1765990406","15036"
"Patient ko kahapon about 1 year old may fever 4 days ago then inubo 3 days ago. Tinanong ko if very playful ba? Ang sagot di playful. Medyo clingy. 

So I said, dengue suspect. Need magpakuha agad ng blood test. 

Lumabas na mababa ang platelet at inadvisan kong madextrose para di madehydrate. 

Wala pong rashes, wala pong bleeding signs, pero nevertheless delikado pa rin if pina uwi lang. 

It was easy to think na ubo lang ang sakit ng baby. Pwede sanang binigyan ko lang ng gamot sa ubo at pinauwi. 

Key points:

Karamihan ng Pulmoniya ay nauuna ang ubo kaysa sa fever (kanya baliktad) (of course not all the time)

Most of the tiime influenza ang nauuna ang fever kaysa sa ubo which is pwedeng di maadmit. 

But both pulmoniya at flu ay maraming episodes pa rin na active or playing lalo na kung nawawala ang lagnat.

Yung sagot na clingy most of the time is a red flag for dengue. 

So if di ko nacheck ang dugo at tumakbo pa ng 2 days sa bahay, pwede papasok sa low blood pressure phase at maging peligro.

It takes years of observation bago po madevelop ng isang Doctor ang kanyang clinical eye. Pwede pong sa ubo lang ako nagfocus, but I know better than that. 

One life saved. Help me to save more. 

42 Mata, Doc Marites for Senator
(Marites is short for Mata, Richard Tesoro)","1176285140539012","1740024812","79231"
"Magandang gabi mga mii,,
Ano po mabisang herbal na makakapag paampat ng pagsusuka at tae ng bata? may lagnat din po siya..nilabasan din po siya ng buhay na bulate nakaraang araw..
Ilan arw na din po siya nagtatae at suka,pinainom na po namin ng nilagang katawan ng saging,para po maampat pagtatae,pero hndi pa din po hanggang ngayun gumagaling 😢 Papa checkup po sana namin sa public hospital kaso hanggang feb 20 pa dw po walang doktor na duty dun... Di po namin kaya sa private dhil 1k po checkup palang bukod pa ireresetang gamot , sana po may makapagsabi kung ano po magandang ipainom na herbal,, siya din po yung baby warior ko na mayroon karamdaman na rectovaginal fistula...","2002112407401347","1771443447","385"
"DENGUE. 39.6 pinakamababa 38.4 laging 39 taas ng lagnat sobrang pula na nya leeg at kilikili. hindi nakakain sa lata at taas ng lagnat. 😢 lakas mo yuan! 💪 mas lakasan mo pa 🙏🙏 until now sobrang taas pa din kahit nasa hospital na. ngayon naglalabasan na lahat ng red dots at pantal.","1949143582352756","1768757755","598"
"DENGUE. 39.6 pinakamababa 38.4 laging 39 taas ng lagnat sobrang pula na nya leeg at kilikili. hindi nakakain sa lata at taas ng lagnat. 😢 lakas mo yuan! 💪 mas lakasan mo pa 🙏🙏 until now sobrang taas pa din kahit nasa hospital na. ngayon naglalabasan na lahat ng red dots at pantal.","1949143582352756","1768757755","598"
"Wag ipagsawalang bahala ang simpleng ubo at lagnat lalo na pag bata. Fly high 3yrs old little boy 🕊️ 🕊️ #Katusok","26084263801204435","1771491406","14072"
"lagnat lang 'to, astig ako.","659577436579421","1741509780","3558"
"Inakala ng mga doktor na TB ang sakit niya, pero may natuklasan silang hindi inaasahan. 

Isang 27-anyos na babae ang nakaranas ng ilang buwang ubo at lagnat na hindi gumaling kahit na ginamot na siya. 

Ayon sa isang viral na kwento sa internet, ipinakita ng scan na may kakaibang bagay na parang bag sa kanyang baga. 

Inalis ito ng mga doktor at natuklasan na ito pala ay isang condom na aksidenteng na-inhale habang may intimate na pangyayari. 

Pagkatapos naalis, nagsimulang gumaling ang babae, at nagtapos ang isang nakakagulat at bihirang misteryo medikal.","932196122646442","1771826409","137"
"buang Wade Slader","867937295872050","1767534222","6"
"‼️10 FACTS ABOUT DENGUE FEVER ‼️

1. Virus ang Dengue. Hindi siya bacteria. Kaya hindi kaylangan ng antibiotics.

2. Katulad ng ibang virus, self limiting din ang sakit na ito, kusa itong mawawala kahit walang gamot. 

3. Hydration ang importante kapag may dengue ang bata. Mas mainam na mag pa inom ng mga Oral Rehydration Solution na pwedeng bilhin sa mga drug store para hindi ma dehydrate si baby. 

4. Ilan sa mga warning signs ng dengue ay pananakit ng tiyan, pag susuka, pag durugo ng ilong at gilagid, at pagtamlay. Mas mainam naka admit si baby pag may warning signs para mas ma-monitor ng maigi. 

5. Ang pag baba ng platelet ay hindi warning sign. 
Ngunit ang pag akyat ng pula ng dugo (hematocrit) ang siyang mas mapanganib. 

6. Hindi ito nakakahawa. Ito ay sanhi ng kagat ng lamok.

7. Nakakatakot ang dengue pag hindi maaagap. Kaya mag patingin agad sa Doctor pag may sintomas ng pag lagnat ng ilang araw, pananakit ng tiyan, suka ng suka, pag tamlay, walang ganang kumain.

8. Tungkol sa tawa tawa para mapataas ang platelet — May ilang maliit na pag-aaral na nagsasabing puwede itong makatulong, pero kulang pa ang matibay na ebidensya. Hindi pa ito aprubado ng DOH o WHO bilang gamot sa dengue.

9. Dumadami ang kaso ng Dengue Fever ngayon kaya mag ingat. Itapon ang mga nakaimbak na tubig sa bahay. Maglinis ng kanal. Gumamit ng mosquito repellent sa mga bata edad 1 yr old pataas. Mag pasuot ng mahahabang damit at pajama lalo na sa gabi. Gawin maaliwalas at malinis ang paligid. Gumamit ng kulambo kung maaari.

10. Walang pinipiling edad ang dengue. #DengueFacts #PediaMom","1270949321711659","1759463424","1492"
"Si kabayan simpleng lagnat Lang dw skit nya pero nauwi sa binawian sya  NG buhay😥siya si Katrina amang sajulga taga Serra buliones bohol rest in peace kabayan 🙏
#everyone #highlightseveryonefollowers2025","2665457540492330","1770889695","297"
"walang lagnat pero mainit ang katawan sa Gabi symptoms din poba yan","1366977301480683","1762414997","4"
"Grabe yung lagnat ng mga bata ngayon ilang araw pabalik balik

Si Jandi ko din halos limang araw na nagpabalik balik lagnat napa checkup namin noong friday niresetahan ng gamot para sa sipon at ubo nya.

Pero pabalik balik pa din lagnat umaabot ng 39.2 kaya kagabi dinala din namin sa Hospital

Okay naman result ng ihi niya & blood test.Napa xray din namin meron konting plema.

Pero pinatuloy lang yung unang reseta ng Doc ayun pa din gamot niya.Nakakatakot talaga pag mga bata nagkakasakit.At ngayon lang nilagnat si Jandi namin ng ganto katagal .Wala naman ibang masakit sa kanya ,di naman nagsusuka at nagtata3 .","2493481657774845","1771821450","71"
"tinatablan din pala ng lagnat ang masarap na katulad ko","1421809062369386","1749050276","7"
"‼️SILENT PNEUMONIA AWARENESS | PLEASE READ‼️

Akala namin normal lang.

Ang anak ko ay malusog, masigla, at walang history ng sakit. Nagkaroon siya ng lagnat, na-check up, at sinabihang okay lang. Makalipas ang ilang araw, nagkaroon ng ubo—walang malalang senyales.

Hanggang isang gabi, bigla siyang bumilis huminga at hinika. Isinugod namin siya sa ospital.
Mukhang bumubuti na siya, kaya akala namin ligtas na.

Pero ilang oras lang ang lumipas,
bigla siyang tumigil sa paghinga at pumanaw.

Doon lang namin nalaman ang totoo—
may silent pneumonia na pala siya.
Nag-ipon ng fluid ang baga niya kaya hindi na siya makahinga, at mas pinahina pa ng dehydration at gastroenteritis ang katawan niya.

Important reminder for all parents:

• Hindi lahat ng pneumonia may ubo agad
• Hindi lahat may malinaw na sintomas
• Kahit mukhang okay ang bata, puwedeng biglang lumala

🚨 Kapag may lagnat, ubo, mabilis na paghinga, o hingalin—urgent na ‘yan. Huwag maghintay. Huwag ipagsawalang-bahala.

❗️Trust your instincts.
Kung may mali, ipaglaban ang anak mo.

⏳ Walang rewind ang buhay.
Kung may magagawa nang mas maaga, gawin niyo na.

🕊️ I’m sharing this for awareness—
para sa mga batang pwede pang mailigtas. 🙏🏻

(C) Roxxane Roxxane","1211771491078789","1769342235","6344"
"May LAGNAT at RASHES: DENGUE ba ito? 

PAANO MALALAMAN ANONG SAKIT ITO? 🚨

“May rashes at lagnat? Hindi agad ibig sabihin dengue. Alamin muna ang mga sintomas at magpatingin sa doktor para makasiguro. Mas mahalaga ang tamang diagnosis kaysa hula.”

Kapag may lagnat at pantal (rashes) ang bata o matanda, hindi agad masasabi kung dengue, tigdas, o ibang sakit — pero may mga palatandaan na pwedeng gabay.

🔴 Posibleng Tigdas (Measles)

✔️ Mataas na lagnat
✔️ Ubo, sipon, sore eyes
✔️ Pantal na nagsisimula sa mukha pababa sa katawan
✔️ Minsan may puting tuldok sa loob ng bibig

🦟 Posibleng Dengue

✔️ Biglaang mataas na lagnat
✔️ Sakit ng ulo, mata, at katawan
✔️ Panghihina
✔️ Rashes
⚠️ Babala: Nosebleed, pagdurugo ng gilagid, pagsusuka — magpatingin agad!

🦠 Iba pang posibleng dahilan

✔️ Viral infection
✔️ Allergy
✔️ HFMD (hand, foot, mouth disease)
✔️ Roseola (karaniwan sa babies)

❗ MAHALAGA
👉 Hindi sapat ang sintomas lang para mag-diagnose.
👉 Doctor check-up at blood test ang tamang paraan para malaman ang totoong sakit.

🚑 Magpatingin agad kung may:

⚠️ Tuloy-tuloy na mataas na lagnat
⚠️ Matinding panghihina
⚠️ Pagdurugo
⚠️ Hirap sa paghinga
⚠️ Matamlay o ayaw kumain

💬 Reminder: Mas mabuting maagapan kaysa magsisi.

#HealthAwareness #LagnatAtRashes #DengueAlert #MeaslesAwareness #ParentTipsPH","1550579533742937","1770361100","289"
"""Pa, wala na pong bigas.""
""Pa, ubos na po ang sabon.""
""Pa, wala na pong uling.""
""Pa, paubos na ang gasul.""
""Pa, pabili po ng gamot.""
""Pa, paabono po sa pang-tuition.""
""Pa, may lagnat po si bunso.""
""Pa, pambili po ng notebook at ballpen.""
""Pa, pamasahe po bukas.""
""Pa, andito na po yung bayarin sa kuryente at tubig.""

Madalas tayong humingi kay Papa, pero kahit pagod at walang-wala na siya, ginagawa niya ang lahat para sa pamilya nang walang reklamo—dahil mahal niya tayo.

Bago ka magreklamo o magtanong kung bakit hindi natupad ang gusto mo, isipin mo: Nakapagpasalamat ka na ba kay Papa? Naiparamdam mo na ba sa kanya ang pagmamahal mo?

Ang hinihingi lang niya ay respeto at pagmamahal—ibigay mo nang buo, dahil si Papa, ibinigay na niya ang lahat para sa'yo.❤️ 

#TatayMindset #Family #fblifestyle #fbpost","1324453483074045","1771739539","13010"
"Mapagpalang araw po sa lahat,Umatake ang lagnat,ubo ,sipon at sakit ng buong katawan.TRANGKASO na ito.
#sick #ofwlife #OFWHONGKONG #everyone #followers #friends","122164199756678371","1771806624","60"
"Me pag may lagnat:","1346851060804731","1768108048","100937"
"pag ako nanahimik dalawa lang yan e either may lagnat ako o inis na inis ako sa lahat","122104489497257580","1771817055","22"
"Kapag subrang taas ng lagnat wag agad mag panic

 #fbreelsfypシ゚viralシ #momshierizzvlog #fbreelsfypシ゚ #highlight #healthtips #tips #followers","1321612333107512","1771049689","37986"
"magandang arawpo. naranasan nyo rin ba may lagnat?since friday may lagnat ako. october 16 docetaxel ako pang 5th cycle ko. stage 3a breastcancer. naoperahan na rin ako last sept 19 total mastectomy sa right breast. please patulong po biogesic iniinom ko grabi sakit sa katawan","1430717865500560","1761428306","7"
"lambing yung gusto ko, lagnat yung binigay","661744953029336","1741747209","2079"
"""Pa, wala na pong bigas.""
""Pa, ubos na po ang sabon.""
""Pa, wala na pong uling.""
""Pa, paubos na ang gasul.""
""Pa, pabili po ng gamot.""
""Pa, paabono po sa pang-tuition.""
""Pa, may lagnat po si bunso.""
""Pa, pambili po ng notebook at ballpen.""
""Pa, pamasahe po bukas.""
""Pa, andito na po yung bayarin sa kuryente at tubig.""

Madalas tayong humingi kay Papa, pero kahit pagod at walang-wala na siya, ginagawa niya ang lahat para sa pamilya nang walang reklamo—dahil mahal niya tayo.

Bago ka magreklamo o magtanong kung bakit hindi natupad ang gusto mo, isipin mo: Nakapagpasalamat ka na ba kay Papa? Naiparamdam mo na ba sa kanya ang pagmamahal mo?

Ang hinihingi lang niya ay respeto at pagmamahal—ibigay mo nang buo, dahil si Papa, ibinigay na niya ang lahat para sa'yo.❤️ 

#TatayMindset #Family #fblifestyle #fbpost","1324453483074045","1771739539","13011"
"buang Wade Slader","867937295872050","1767534222","6"
"‼️10 FACTS ABOUT DENGUE FEVER ‼️

1. Virus ang Dengue. Hindi siya bacteria. Kaya hindi kaylangan ng antibiotics.

2. Katulad ng ibang virus, self limiting din ang sakit na ito, kusa itong mawawala kahit walang gamot. 

3. Hydration ang importante kapag may dengue ang bata. Mas mainam na mag pa inom ng mga Oral Rehydration Solution na pwedeng bilhin sa mga drug store para hindi ma dehydrate si baby. 

4. Ilan sa mga warning signs ng dengue ay pananakit ng tiyan, pag susuka, pag durugo ng ilong at gilagid, at pagtamlay. Mas mainam naka admit si baby pag may warning signs para mas ma-monitor ng maigi. 

5. Ang pag baba ng platelet ay hindi warning sign. 
Ngunit ang pag akyat ng pula ng dugo (hematocrit) ang siyang mas mapanganib. 

6. Hindi ito nakakahawa. Ito ay sanhi ng kagat ng lamok.

7. Nakakatakot ang dengue pag hindi maaagap. Kaya mag patingin agad sa Doctor pag may sintomas ng pag lagnat ng ilang araw, pananakit ng tiyan, suka ng suka, pag tamlay, walang ganang kumain.

8. Tungkol sa tawa tawa para mapataas ang platelet — May ilang maliit na pag-aaral na nagsasabing puwede itong makatulong, pero kulang pa ang matibay na ebidensya. Hindi pa ito aprubado ng DOH o WHO bilang gamot sa dengue.

9. Dumadami ang kaso ng Dengue Fever ngayon kaya mag ingat. Itapon ang mga nakaimbak na tubig sa bahay. Maglinis ng kanal. Gumamit ng mosquito repellent sa mga bata edad 1 yr old pataas. Mag pasuot ng mahahabang damit at pajama lalo na sa gabi. Gawin maaliwalas at malinis ang paligid. Gumamit ng kulambo kung maaari.

10. Walang pinipiling edad ang dengue. #DengueFacts #PediaMom","1270949321711659","1759463424","1492"
"May LAGNAT at RASHES: DENGUE ba ito? 

PAANO MALALAMAN ANONG SAKIT ITO? 🚨

“May rashes at lagnat? Hindi agad ibig sabihin dengue. Alamin muna ang mga sintomas at magpatingin sa doktor para makasiguro. Mas mahalaga ang tamang diagnosis kaysa hula.”

Kapag may lagnat at pantal (rashes) ang bata o matanda, hindi agad masasabi kung dengue, tigdas, o ibang sakit — pero may mga palatandaan na pwedeng gabay.

🔴 Posibleng Tigdas (Measles)

✔️ Mataas na lagnat
✔️ Ubo, sipon, sore eyes
✔️ Pantal na nagsisimula sa mukha pababa sa katawan
✔️ Minsan may puting tuldok sa loob ng bibig

🦟 Posibleng Dengue

✔️ Biglaang mataas na lagnat
✔️ Sakit ng ulo, mata, at katawan
✔️ Panghihina
✔️ Rashes
⚠️ Babala: Nosebleed, pagdurugo ng gilagid, pagsusuka — magpatingin agad!

🦠 Iba pang posibleng dahilan

✔️ Viral infection
✔️ Allergy
✔️ HFMD (hand, foot, mouth disease)
✔️ Roseola (karaniwan sa babies)

❗ MAHALAGA
👉 Hindi sapat ang sintomas lang para mag-diagnose.
👉 Doctor check-up at blood test ang tamang paraan para malaman ang totoong sakit.

🚑 Magpatingin agad kung may:

⚠️ Tuloy-tuloy na mataas na lagnat
⚠️ Matinding panghihina
⚠️ Pagdurugo
⚠️ Hirap sa paghinga
⚠️ Matamlay o ayaw kumain

💬 Reminder: Mas mabuting maagapan kaysa magsisi.

#HealthAwareness #LagnatAtRashes #DengueAlert #MeaslesAwareness #ParentTipsPH","1550579533742937","1770361100","289"
"Kapag may mataas na lagnat ang iyong anak #trendingreelsvideo #fblifestyle #tips","905817389085009","1770698040","23499"
"lagnat lang 'to, astig ako.","1476961937395844","1751286988","1111"
"Parents must have thermometer at home.

Mataas na lagnat Ng kuya KD.

#feelingsick #lagnat #hightemperature","1949497992471883","1754461579","32"
"𝐌𝐠𝐚 𝐬𝐢𝐧𝐭𝐨𝐦𝐚𝐬 𝐧𝐠 𝐬𝐮𝐩𝐞𝐫 𝐟𝐥𝐮

- Ubo
- Sipon
- Lagnat
- Mabigat at masakit ang katawan at ulo ( na nagtatagal ng 5-7 days)

𝐊𝐚𝐢𝐥𝐚𝐧𝐠𝐚𝐧𝐠 𝐦𝐚𝐠𝐩𝐚𝐭𝐢𝐧𝐠𝐢𝐧 𝐬𝐚 𝐝𝐨𝐜𝐭𝐨𝐫 𝐤𝐮𝐧𝐠;
- Pag ubo na may plema
- Nahihirapang huminga 
- Nahihirapang tumayo
- Tumaas ang blood pressure","1357214783118709","1767258542","33"
"Mabisa para sa lagnat at ubo #trendingreelsvideo #fblifestyle #tips","912990931700988","1771410006","1486"
"Sino may lagnat? gagamotin ko ng kantot","897939096356563","1771818552","24"
"Bumisita na namn si totoy sa pedia nya🥺
#lagnat 
#checkup","26028126263494372","1771830831","14"
"𝐌𝐠𝐚 𝐬𝐢𝐧𝐭𝐨𝐦𝐚𝐬 𝐧𝐠 𝐬𝐮𝐩𝐞𝐫 𝐟𝐥𝐮

- Ubo
- Sipon
- Lagnat
- Mabigat at masakit ang katawan at ulo ( na nagtatagal ng 5-7 days)

𝐊𝐚𝐢𝐥𝐚𝐧𝐠𝐚𝐧𝐠 𝐦𝐚𝐠𝐩𝐚𝐭𝐢𝐧𝐠𝐢𝐧 𝐬𝐚 𝐝𝐨𝐜𝐭𝐨𝐫 𝐤𝐮𝐧𝐠;
- Pag ubo na may plema
- Nahihirapang huminga 
- Nahihirapang tumayo
- Tumaas ang blood pressure","1357214783118709","1767258542","33"
"Ayaw magpalapag🥹🥹
#lagnat 
JohnRoid Dusong Bundac","2362989747461858","1771823579","24"
"happy lagnat day everyone","644061208131044","1739698201","2814"
"Sino may lagnat? gagamotin ko ng kantot","897939096356563","1771818552","24"
"Normal lang bang lagnatin si Baby pag nagngingipin

Akala natin lagnat agad kapag nagngingipin si baby, pero teka lang mommy!

Ang totoo, ang pagngingipin ay hindi dapat magdulot ng mataas na lagnat. Pwede silang maging iritable, mas drooling, at konting discomfort—pero kung may sinat o lagnat na mataas, patingin na kay pedia.

Mas okay nang maging maingat kesa mapabayaan!

#teething #teethingbaby #babyteething #fever #babyfevercheck #babyfevertiktok #babyfeverwarning #pediatrician","1232884405506844","1743413619","477"
"Kapag may Lagnat, possible Dengue po yan. Pannorin niyo po ito o ishare niyo sa dapat makapanood bago lumala

#42 MATA, DOC MA-RI-TES (short for Mata, Richard Tesoro)
Senatorial Candidate","1142709127229947","1735733299","447"
"Hello. May lagnat at ubo po 4yr old ko. Flight po namin tonight at 10pm pabalik ng pinas. Papayagan po kaya kami maka uwi? Meron po bang temperature check? 😥

Meron po kaming baon na paracetamol. Nakabili na din po kami pei pa koa. Thank you.

Checkout dapat po namin 11am. Nag book po ako ulit 1night para hanggang mamayang 6pm na po kami dito at mag punas punas until pumunta ng airport. Inom every 4 hours ng gamot. 

UPDATE: nasa loob na po kami ng plane. Need talaga ng pahinga ng bagets. Salamat po sa group na to! 🩷🩷🩷","511220397907931","1732402922","4"
"please stop judging those teenagers who hate their parents/siblings/relatives, you know nothing about their traumas or even their reasons. If you have a good and healthy relationship with your parents nor family, if you are a family oriented then good for you but don't even invalidate those teenagers having a hard time dealing with their traumas and trust issues caused by their parents. You do not know how they went through dealing with that depression caused by their parents/relatives/sibling. We all have different ways of healing and sensitivity. Keep that in mind","1190853261709928","1689231709","50"
"May lagnat ang BB ella ko.🥺🙏","4224140174525084","1771831518","4"
"Ano ba ang gamot sa  lagnat. Limang araw na ang lagnat ng asawa. Ko","1008133993300470","1631062596","234"
"happy lagnat day everyone","644061208131044","1739698201","2814"
"Paano po ba malalamn kung may lagnat ang pusa? At ano po ang gamot dito?","25902577656069560","1770448807","15"
"After vacation, Monday, pasok agad sa work, may sakit mga katrabaho ko. Tues.,nagsimula na sumakit lalamunan ko. Wed., may lagnat na at tulo ng tulo ang sipon pero work pa din. Thurs. & fri., work pero may sakit! Weekend, nagtulog! Hello Monday!","122159291858711769","1771832553","30"
"Currently 38.8 po lagnat ng toddler ko. Pinupunasan ko po si ya ng towel. At what point kopo siya kaya dapat dalhin sa ospital na considered emergency?","2266402827102416","1771046263","16"
"Mga Dapat Gawin Kapag may Lagnat ang Baby (0–12 Months) 👶🌡️

Kapag may lagnat ang baby, natural lang na kabahan ang mga magulang—lalo na kung siya ay 0–12 months pa lamang. Dahil maselan pa ang katawan ni baby, mahalagang tama at ligtas ang mga hakbang na gagawin.

✅ Mga DAPAT Gawin

🌡️ 1. Sukatin ang temperatura ni baby
Normal na body temperature: 36.5°C – 37.5°C
👉 Lagnat kung 38°C pataas.
Mas mainam gumamit ng digital thermometer.

🍼 2. Padedehin nang mas madalas
Kung breastfed, ituloy ang breastfeeding.
Nakakatulong ito laban sa dehydration at nagpapalakas ng resistensya.

👕 3. Bihisan ng preskong damit
Iwasan ang makapal na damit o kumot.
Panatilihing komportable at hindi naiinitan si baby.

🛏️ 4. Bigyan ng sapat na pahinga
Hayaan si baby na magpahinga at matulog hangga’t kaya.
Mas mabilis gumaling ang katawan kapag may pahinga.

🧴 5. Punasan ng maligamgam na tubig (Tepid Sponge)
Punasan ang leeg, kilikili, at singit.
❌ Huwag gumamit ng malamig na tubig o alcohol.

💊 6. Gamot kung may payo ng doktor
Paracetamol lamang ang karaniwang ligtas para sa baby—ayon sa tamang dose at reseta ng doktor.

❌ Mga HINDI DAPAT Gawin

🚫 Huwag basta magbigay ng gamot nang walang payo ng doktor
🚫 Huwag balutin ng makapal na kumot
🚫 Huwag pahiran ng alcohol ang katawan
🚫 Huwag ipagwalang-bahala ang matagal o paulit-ulit na lagnat

🚨 Kailan DAPAT Dalhin agad kay Doctor?

⚠️ Kung ang baby ay:
0–3 months at may lagnat kahit isang beses
May lagnat na lampas 38.5°C
May seizure/kinukumbulsyon
Matamlay, ayaw dumede, o iritable
May kasamang ubo, sipon, pagtatae, o pagsusuka
Lagnat na higit 24–48 oras

💬 Paalala sa mga Magulang:
Ang lagnat ay sintomas, hindi sakit. Senyales ito na may nilalabanan ang katawan ni baby. Mas mahalaga ang maagang pag-obserba at tamang pag-aalaga.

👶🤍 Mommy at Daddy, sapat na ang inyong pagmamahal—dagdagan lang ng tamang kaalaman.

#LagnatNiBaby #BabyCarePH #mom2th
#mamaslove  #BabyHealth #momlifehacks","4234805846762213","1769315347","1178"
"Mga mommies, anong ginagawa nyo pag may sipon ang baby ninyo? yung sakin ang tagal na po di nawawala yung sipon, almost a week na, Trinay ko po muna yung allerkid kaso wala pa din may halak pa din sya. Lagi barado ilong pero watery siya. Wala naman pong lagnat or ubo 

6 months si Lo. May pasibol po sya na ngipin.","1425534562500558","1765173704","2"
"lahat ba may lagnat na","1614221256321986","1768627603","6"
"Mga Dapat Gawin Kapag may Lagnat ang Baby (0–12 Months) 👶🌡️

Kapag may lagnat ang baby, natural lang na kabahan ang mga magulang—lalo na kung siya ay 0–12 months pa lamang. Dahil maselan pa ang katawan ni baby, mahalagang tama at ligtas ang mga hakbang na gagawin.

✅ Mga DAPAT Gawin

🌡️ 1. Sukatin ang temperatura ni baby
Normal na body temperature: 36.5°C – 37.5°C
👉 Lagnat kung 38°C pataas.
Mas mainam gumamit ng digital thermometer.

🍼 2. Padedehin nang mas madalas
Kung breastfed, ituloy ang breastfeeding.
Nakakatulong ito laban sa dehydration at nagpapalakas ng resistensya.

👕 3. Bihisan ng preskong damit
Iwasan ang makapal na damit o kumot.
Panatilihing komportable at hindi naiinitan si baby.

🛏️ 4. Bigyan ng sapat na pahinga
Hayaan si baby na magpahinga at matulog hangga’t kaya.
Mas mabilis gumaling ang katawan kapag may pahinga.

🧴 5. Punasan ng maligamgam na tubig (Tepid Sponge)
Punasan ang leeg, kilikili, at singit.
❌ Huwag gumamit ng malamig na tubig o alcohol.

💊 6. Gamot kung may payo ng doktor
Paracetamol lamang ang karaniwang ligtas para sa baby—ayon sa tamang dose at reseta ng doktor.

❌ Mga HINDI DAPAT Gawin

🚫 Huwag basta magbigay ng gamot nang walang payo ng doktor
🚫 Huwag balutin ng makapal na kumot
🚫 Huwag pahiran ng alcohol ang katawan
🚫 Huwag ipagwalang-bahala ang matagal o paulit-ulit na lagnat

🚨 Kailan DAPAT Dalhin agad kay Doctor?

⚠️ Kung ang baby ay:
0–3 months at may lagnat kahit isang beses
May lagnat na lampas 38.5°C
May seizure/kinukumbulsyon
Matamlay, ayaw dumede, o iritable
May kasamang ubo, sipon, pagtatae, o pagsusuka
Lagnat na higit 24–48 oras

💬 Paalala sa mga Magulang:
Ang lagnat ay sintomas, hindi sakit. Senyales ito na may nilalabanan ang katawan ni baby. Mas mahalaga ang maagang pag-obserba at tamang pag-aalaga.

👶🤍 Mommy at Daddy, sapat na ang inyong pagmamahal—dagdagan lang ng tamang kaalaman.

#LagnatNiBaby #BabyCarePH #mom2th
#mamaslove  #BabyHealth #momlifehacks","4234805846762213","1769315347","1178"
"Currently 38.8 po lagnat ng toddler ko. Pinupunasan ko po si ya ng towel. At what point kopo siya kaya dapat dalhin sa ospital na considered emergency?","2266402827102416","1771046263","16"
"lambing yung gusto ko, lagnat yung binigay","808211731766773","1756217000","2150"
"Masakit na Pag-ihi: 10 Dahilan
Payo ni Doc Willie Ong

1. UTI – Ang UTI o urinary tract infection ay ang pagdami ng bacteria sa kidneys o pantog.
Ang sintomas ay masakit at madalas na pag-ihi, malabo at maamoy na ihi. Kung malala ang UTI puwede magka-lagnat at sumakit ang likod.
Magpa-Urinalysis. Ang gamot sa UTI ay antibiotics.
2. Cystitis – Impeksyon sa pantog tulad ng UTI.
Ang sintomas ay masakit sa puson o sa may pwerta o ari. Masakit at madalas ang pag-ihi pero konti-konti lang ang labas ng ihi.
3. Kidney Stones o bato sa bato – Ang kidney stones ay kadalasan gawa sa calcium o uric acid. Sobra sakit sa may singit. Parang madudumi ang sakit pero hindi naman dudumi. Mahapdi din sa pag-ihi. Minsan, kulay pink ang ihi dahil may dugo na sa ihi.
Kumonsulta sa Urologist. Uminom ng 10-12 basong tubig bawat araw.
4. Yeast infection sa pwerta o vaginitis -
May discharge sa pwerta na maamoy. Makati ang pwerta at may iritasyon sa balat. Pwede din sumakit sa pag-ihi.
Ang gamutan ay vaginal suppository na reseta ng OB-Gyne.
5. Aktibidad tulad ng bisikleta, na-trauma at bagong panganak.
6. Impeksyon sa prostate o prostatitis sa lalaki -
Ang STD ay isang dahilan ng prostatitis. Ang impeksyon ay galing sa bacteria.
Ang sintomas ay masakit at hirap umihi, makirot sa pantog at ari, at madalas na pag-ihi lalo na sa gabi. Pwede din mahirapan mag-ejaculate o malabasan ang lalaki.
Ang gamutan ay antibiotics na reseta ng Urologist.
7. Ovarian cyst -
Ang sintoma ay sobrang sakit ng puson lalo na pag may regla. May abnormal na pagdurugo din. Kumonsulta sa OB-Gyne.
8. Kung may allergy sa sabon, wipes, lotion at pang-hugas -
Masakit sa balat sa may pwerta na may kasamang pamumula. Makati, may iritasyon sa maselang bahagi.
Gumamit ng mild soap lamang.
9. Kanser sa pantog -
Ang sintomas ay pamamayat, masakit ang likod at buto, manas at madalas at hirap umihi. Minsan may dugo sa ihi.
10. Ang mga sanggol ay umiiyak din kapag mahapdi ang pag-ihi nila.

Tips:
1. Magpa-urinalysis. Mura lang ito.
2. Tingnan ang kulay ng ihi. Dapat malinaw at light yellow ito.
3. Maligo palagi at maging malinis sa katawan.
4. Iwas sa pagkakaroon ng maraming partners at STD.
5. Uminom ng 8-12 basong tubig bawat araw.
6. Mag-ehersisyo ng regular.
7. Huwag magmadali sa pag-ihi. Relax lang ang posisyon.
8. Umihi muna bago matulog.
9. Sa mga bata, paalalahanan sila na pumunta sa banyo at umihi.

posted by Admin R","1364178628409461","1758171611","469"
"Pedia Mom Tip para gumaling agad ubo at sipon ni baby (1-5 years old)

✔️ Patulugin sa hapon (2-4 hours) - boost immune system and helps regain body strength. Kung tayo nga pag may sakit gumagaling agad basta matulog lang tayo, ganun din sa bata.

✔️ Higupin ang sipon - kayo na bahala paano basta kaylangan wag hayaan maipon ang sipon sa ilong, pwede kase mag cause ng lagnat yun at maging ubo. 

✔️Idaan sa tubig. Iwasan muna ang mga colored drinks gaya ng juice, chocolate drink etc. Pero kung gagawan mo ng calamansi juice or lemonade plus honey (if more than 1 year old na siya), okay lang din naman. 

✔️Vitamins supplements- makakatulong ang ascorbic acid na may kasamang zinc para sa repair ng mga cells and it also helps boost immune system to fight off bacteria and virus. 

✔️ Kaylangan kumakain ng umagahan, lunch and dinner si baby. Eating helps. Kung walang gana kumain at dumedede naman, okay lang din. Kung hindi din umiinom ng gatas, aba mag pa check up na

✔️ Pag lumala ang ubo at sipon ni baby after 3-5 days ng pag bibigay mo ng paunang lunas, mag pa check up na sa inyong mga doctor. 

Flu season nanaman! Do not worry kung healthy si baby. Lalabanan ng katawan niya yan! Pero dapat may gabay pa din natin para mas mabilis ang pag galing niya. 😊 Ingat!","1246947824111809","1757061105","8483"
"pabalik balik lagnat ko grr ayoko na pls","1556836565393789","1764590806","2"
"Mga mi mag lagnat ba pag 37.4 to 37.2 Ang temperature ni Baby 🥹","2360679151111363","1771040883","4"
"Hellow mga mi. Permission to ask everyone and pa approved Admin.. Ftm po ako  7 months na po baby ko yesterday  tas kagabi bigla syang nag lagnat off on ang lagnat every 4 hours ko sya pina painum ng tempra.
 Ask kulang kung my same case ng baby ko dito. sa mga nakaranas anu po ba mga syntoms ng mag ngipin na si baby. Kasi baby ko minsan naglalaway tas iyak ng iyak irritable ok namn Tae nya wala syang sipon at ubu lagnat lang meron sya. Sa tingin nyo mga Mima any advice po thank you😊","2293443264501619","1765612705","20"
"hellow po mga mie ano po kayang gamot sa pabalik balik na lagnat sakit ng ulo 5years old Kuna anak Po Dina mawala Wala lagnat nya","1988233018789286","1770164235","6"
"ano ba gamot sa lagnat? paracitite ba un or frenchkisedol","1615651152845663","1768719998","7"
