"created_at","id","text"
"Mon Feb 23 00:48:23 +0000 2026","tweet-2025734447858065621","hindi raw makakapunta si kuya here kasi may lagnat siya huhuhu pano na yan bukas na 2nd namin😞😞😞😞"
"Mon Feb 23 00:44:53 +0000 2026","tweet-2025733569650549138","HAHAHAHA punyeta nu naman magagawa nyang get well message na yan sa lagnat ko di ba"
"Mon Feb 23 00:05:12 +0000 2026","tweet-2025723582341648778","@beyamx Ay HAHAHA pero legit may sipon nga naman ako 😂 sige valid valid HAHAHA"
"Mon Feb 23 00:04:43 +0000 2026","tweet-2025723459389833525","@blankcode_x may ganto kaseee 🤧 kala ko may sipon sorryyy HAHAHAHAAHHAHAHA LT"
"Sun Feb 22 22:50:12 +0000 2026","tweet-2025704707310891320","pagod na pagod at antok na antok ako, nag alarm me para sana mag laba right now kasoo super sakit ng katawan kkk"
"Sun Feb 22 22:01:04 +0000 2026","tweet-2025692340560826701","inubo tsaka sipon pa, punyeta thank u so"
"Sun Feb 22 20:46:38 +0000 2026","tweet-2025673610782965844","wmsu may lagnat ako, pls paki suspend ng class"
"Sun Feb 22 20:20:00 +0000 2026","tweet-2025666906749845533","Doble ingat po dahil flu season pa rin ngayon, ayon sa health department. Sa gitna niyan, may paalala ang mga doktor lalo na kung mahigit isang linggo na ang inyong ubo at sipon. https://t.co/dbx6LT7yt6"
"Sun Feb 22 20:07:37 +0000 2026","tweet-2025663791233667328","I should've stayed at my room the whole time 😭😭😭 ngayon my sipon at sore throat na ko taenaaa boses pa nmn puhunan sa work"
"Sun Feb 22 20:07:23 +0000 2026","tweet-2025663731716542611","Pagod na pagod nako gusto kona talaga haha"
"Sun Feb 22 19:54:57 +0000 2026","tweet-2025660602417635556","Tanginang lagnat yan di na natapos"
"Sun Feb 22 19:24:16 +0000 2026","tweet-2025652880544526697","pagod na pagod eee sleepwelll https://t.co/UCPBzQD3xH"
"Sun Feb 22 19:24:14 +0000 2026","tweet-2025652875003642174","@krchivesz HAHAHAHAAH pagod na pagod si Enrico!! 🤣🤣🤣🤣🤣"
"Sun Feb 22 18:56:50 +0000 2026","tweet-2025645979207451078","pagod na pagod na mabuhay sa fu is king life na to"
"Sun Feb 22 18:50:31 +0000 2026","tweet-2025644388647641381","@Godfath52464383 Amravati side yala mhanje matthyala burhani mhantat.
Lagnat jevan madhe most commonly Biryani aani burhani aste"
"Sun Feb 22 18:47:04 +0000 2026","tweet-2025643521181438137","taenang sipon, hindi na nawala"
"Sun Feb 22 18:21:59 +0000 2026","tweet-2025637206954840204","wrong timing ang ubo’t sipon! bahala na laturrrrr"
"Sun Feb 22 18:20:54 +0000 2026","tweet-2025636934953898405","@ARYSabirShakir Hum saro pai lagnat baijty hai only #ImranKhan"
"Sun Feb 22 18:19:48 +0000 2026","tweet-2025636656787927175","di naman kasi ako kinakabahan kahit na konti ohhhhhh mautal sa pag sagot sa tinatanong at iniisip nyo saakin about sa itsura ko🤣
medyo basag kalang onti nay anak mo mismong patunay magmula umaga hanggang gabi alam nyan ginagawa ko sa araw araw🤣 panong di papayat daily lagnat🤣"
"Sun Feb 22 18:09:39 +0000 2026","tweet-2025634104696623125","pagod na pagod na naman ako sa lahat leche. burnout szn b uli? the fuck."
"Sun Feb 22 18:00:01 +0000 2026","tweet-2025631678337839354","Sa buong katawan ko at isip ko iba. Para akong nababaliw kanina di Ako mapakali . Na parang walang maayos na pwesto na makakapag ease ng cramps. Tas yung feeling din na kinokumbulsion ka pero wala Kang lagnat ganun Ako kanina. Di Ako makatayo ng maayos. Tas d na rin maayos+"
"Sun Feb 22 17:55:11 +0000 2026","tweet-2025630463826788791","nakakawala pala ng lagnat ang rh"
"Sun Feb 22 17:46:24 +0000 2026","tweet-2025628251713118614","Pagod na pagod na ako Lord, 😭 wala man lang ako mapagsabihan 😭😭😭"
"Sun Feb 22 17:44:15 +0000 2026","tweet-2025627713244172502","taas hilanat,labadi sa ulo, ga lain pa gyud ang tiyan cge balik2 sa cr nya sakit pa sa pus on. grabi na mani pag antus tawn"
"Sun Feb 22 17:37:39 +0000 2026","tweet-2025626051347640727","Do I really deserve this? Kasi honestly pagod na pagod na akong tanungin kung anong mali sa'kin. I give love the only way I know how. Buong buo, may effort, may lambing, may pag intindi. Hindi naman ako humihingi ng sobra, gusto ko lang maramdaman na pinipili rin ako."
"Sun Feb 22 17:34:26 +0000 2026","tweet-2025625241213661363","kaenes na pimple at sipon"
"Sun Feb 22 17:26:06 +0000 2026","tweet-2025623142874644778","ang iyakin ko talaga sa lagnat haha"
"Sun Feb 22 16:44:01 +0000 2026","tweet-2025612554186486090","Pagod na pagod na yung katawan at utak ko gusto ko nang matulog pero annetoooo"
"Sun Feb 22 16:39:58 +0000 2026","tweet-2025611534400164303","pinilit pa kasi mag data gathering kahit may sakit na. oh eto malalang lagnat + backpain https://t.co/pmSt4TQoaV"
"Sun Feb 22 16:38:40 +0000 2026","tweet-2025611209085743600","pagod na pagod pero di makatulog huhu"
"Sun Feb 22 16:37:52 +0000 2026","tweet-2025611004726726761","ANYTHING BUT SIPON PLEASE LANG"
"Sun Feb 22 16:36:59 +0000 2026","tweet-2025610783317758050","pagod na pagod na talaga"
"Sun Feb 22 16:34:07 +0000 2026","tweet-2025610063105384717","pls ayoko na, pagod na pagod na ako"
"Sun Feb 22 16:23:40 +0000 2026","tweet-2025607433268445387","HSHSHSHAHHAHAHAHAHAHHAHAHAHAH pagod na pagod na ako maging graduating student, capkrys nalang talaga ang pahinga ko 🥹 di pa ako ready matapos pbb 2.0 ☹️"
"Sun Feb 22 16:18:42 +0000 2026","tweet-2025606184506700123","Grabe na talaga ang sipon di maka tarungan 😢 tapos trabaho nanaman"
"Sun Feb 22 16:17:33 +0000 2026","tweet-2025605894378291264","wow sipon"
"Sun Feb 22 16:17:03 +0000 2026","tweet-2025605766414250455","may sipon at ubo + naulanan + nadapa + sprain  = ME  

😖"
"Sun Feb 22 16:16:57 +0000 2026","tweet-2025605740774486426","Punasan nyo sipon ko"
"Sun Feb 22 16:16:46 +0000 2026","tweet-2025605695807398330","Kaya madalas may sipon itong si Boss eh.  Bukas likod eh. https://t.co/0W3ECA46f8"
"Sun Feb 22 16:13:03 +0000 2026","tweet-2025604760271978500","Pagod na pagod na talaga ako"
"Sun Feb 22 16:02:01 +0000 2026","tweet-2025601982900343212","🛍️👮‍♂️ PATROLI PASAR | JAGA JAKARTA
Unit Patroli melaksanakan patroli di Pasar Sipon guna mengantisipasi aktivitas masyarakat yang berbelanja bukaan puasa.
📍 Lokasi: Pasar Sipon
Patroli dilakukan untuk menjaga keamanan, ketertiban, dan kelancaran aktivitas warga. https://t.co/6bgcFbSa7b"
"Sun Feb 22 16:01:46 +0000 2026","tweet-2025601919117656307","First 10 panel palang, tulo sipon agad e"
"Sun Feb 22 16:01:00 +0000 2026","tweet-2025601729493127418","え、そうなん？
いっぱいいっぱい"
"Sun Feb 22 15:56:05 +0000 2026","tweet-2025600489983967336","awa na lang sa tag ni moy, kahapon pa yan di makaakyat, pati si elon pagod na pagod na paangatin 

BBS HEATH 
BBS HEATH
BBS HEATH"
"Sun Feb 22 15:50:36 +0000 2026","tweet-2025599112838799799","di na nawala wala sipon ni yvan eh 😭"
"Sun Feb 22 15:41:34 +0000 2026","tweet-2025596838833951129","@PBBabscbn baka naman ayuk may balak ka na ipa check up si ash, sipon at ubo' get well soon bebe gurl. 

ASHRAVE SUN2 REUNITE
#AllOutForAshley"
"Sun Feb 22 15:40:13 +0000 2026","tweet-2025596496914313533","lecheng sipon pinapahirapan ako matulog 🫩"
"Sun Feb 22 15:29:41 +0000 2026","tweet-2025593846089052586","sobrang lala ng sipon ko, di ko maamoy yung coffee scent ng inhaler kahit anong singhot ang gawin ko"
"Sun Feb 22 15:26:38 +0000 2026","tweet-2025593079097672093","ウマ2000円パス追加草"
"Sun Feb 22 15:24:43 +0000 2026","tweet-2025592597029572705","ayoko na mag aral pagod na pagod na ko. ginagawa ko lang naman toh kasi required eh. aaaaaaaa ayoko naaaaaaa."
"Sun Feb 22 15:19:01 +0000 2026","tweet-2025591161982005268","Congratulations, Jillian for winning the big jump challenge! HAHAHA laro ka kuya, kaya pala pagod na pagod sya paglabas HAHAHA

anyways, BBS HEATH BBS CAPRICE 

#PBBCollab20RoadToBigNight https://t.co/ET3HD5kSc5"
"Sun Feb 22 15:18:49 +0000 2026","tweet-2025591113390973150","BAKIT BA SILA GANITO PAGOD NA  PAGOD NA Q"
"Sun Feb 22 15:18:23 +0000 2026","tweet-2025591002032124286","pagod na pagod na siya kay lori"
"Sun Feb 22 15:17:44 +0000 2026","tweet-2025590840463429906","Rave to Ashley: Alam mo ba mhie may ubo at sipon din ako ngayon.. HAHA

ASHRAVE SUN2 REUNITE
#AllOutForAshley https://t.co/gZzyIsEaqG"
"Sun Feb 22 15:14:03 +0000 2026","tweet-2025589912737558684","Walang sipon ubo at lagnat Kay rave Makita lang si ash .hahaha may pasumbong sumbong Kapa rave hah 🤣🤭🥰"
"Sun Feb 22 15:13:40 +0000 2026","tweet-2025589814532440094","pls lang pagod na pagod ako tapos ganto pa HAHAHAHAHAHAHHAHAAHHAHAHQHA PERO TAWANG TAWA TLGA AKO IMBIS NA MAGALIT"
"Sun Feb 22 15:06:20 +0000 2026","tweet-2025587969592357044","🚔🌙 PATROLI ANTISIPASI TAWURAN |
Kanit Intel IPTU Sujanarko bersama piket fungsi melaksanakan patroli preventif di Kali Sipon untuk mengantisipasi tawuran.
Hadir lebih awal, cegah lebih baik 💪🇮🇩
#PatroliMalam #AntisipasiTawuran #JagaJakarta #PolsekCipondoh #PolriPresisi https://t.co/UgpEDLEltD"
"Sun Feb 22 15:05:49 +0000 2026","tweet-2025587840793612539","Sobrang pagod na pagod na 😭"
"Sun Feb 22 15:02:07 +0000 2026","tweet-2025586910287241519","@velisseani Okay lang yan. Yung Ashtine nyo nga feeling singer may sipon naman pag kumakanta"
"Sun Feb 22 14:52:35 +0000 2026","tweet-2025584512143654994","grabeng pahirap sa buhay ‘tong sipon na’to"
"Sun Feb 22 14:50:48 +0000 2026","tweet-2025584061650190676","@mjlouvre his version of: pagod na pagod na pagod na ako!!"
"Sun Feb 22 14:46:39 +0000 2026","tweet-2025583015590813720","Grabe yung Meet greet and bye. May sipon nako, lalo pa kong sinipon. Galing 🫶😭"
"Sun Feb 22 14:28:33 +0000 2026","tweet-2025578462740914426","Pagod na pagod na pagod na pagod- *nag-dougie*"
"Sun Feb 22 14:22:01 +0000 2026","tweet-2025576817718137036","pagod na pagod na ko sa character ni nate pagpahingahin mo na sha na para va gang siya ang palaging victim"
"Sun Feb 22 14:21:24 +0000 2026","tweet-2025576663275204724","nasa v3t siya today naka-confine kasi need daw imonitor. lumalaki raw kasi heart kasi ayun nahihirapan huminga kasi mos na ung sipon niya :(( tinatry ko siyang i homeremedy kaso wala talaga hnd nagaling, mawawala tapos babalik ganun. tapos watery poops niya. sabi ni doc parang nagistart na magkaproblem ta ang liver and k1dney niya kasi para na rin siyang naninilaw huhu pls pray mo my cleo🥺🙏"
"Sun Feb 22 14:19:57 +0000 2026","tweet-2025576296001245331","@nikraniac 'antagal q ring ship c'la as a dedicated fan... tsk! Y am I crying?... skit na nang fce shaming, esp na 'di xa ngsslita...
Feel q na rin na pagod na pagod naxa. Parang totoo na 'yong pgkksabi ña sa TT n nkita q...
May DCY &amp; BDV be blessed with their hearts' purest desires.🍀🍒"
"Sun Feb 22 14:16:14 +0000 2026","tweet-2025575361904603579","@alwayswithPS pray na gumaling sa lagnat nung riser con! 🫡"
"Sun Feb 22 14:12:14 +0000 2026","tweet-2025574356114714829","shet sana mawala na lagnat ko awa na lang talaga at month end closing na uli this coming week 😭"
"Sun Feb 22 14:07:52 +0000 2026","tweet-2025573257353847122","pagod na pagod na pagod na pagod na pagod na ako"
"Sun Feb 22 14:05:55 +0000 2026","tweet-2025572764950954406","jusko pagod na pagod kana pero need mo pa rin mag work 😭"
"Sun Feb 22 13:53:13 +0000 2026","tweet-2025569570501910558","Please baka naman makakita na kami ng araw bukas 😭 its been a week namaulan. Yung lagnat ko ubo’t sipon ayaw kong hanggang fanmeet to 😭. No work outside the office sana bukas🤞. https://t.co/aXQo6JNwFG"
"Sun Feb 22 13:50:01 +0000 2026","tweet-2025568765115814222","pagod na pagod na ako maging mabait, pagod na akong patunayan sarili ko sayo https://t.co/E7ZdFwE7Ql"
"Sun Feb 22 13:44:47 +0000 2026","tweet-2025567446787297381","PAGOD NA PAGOD NA PAGOD NA PAGOD NA ’KO!!!!!! ANO BA BIGYAN NIYO NA KASI AKUH DAY 1 TICKET NG ROUND FESTIVAL 😭😭😭🙏🏻🙏🏻🙏🏻🙏🏻"
"Sun Feb 22 13:39:04 +0000 2026","tweet-2025566007419691427","sleepable, baka mawawalan ng lagnat"
"Sun Feb 22 13:32:24 +0000 2026","tweet-2025564331111600329","pagod na pagod nako sa single life ko😔😔😔😔😔gusto kuna talaga ng bf"
"Sun Feb 22 13:31:15 +0000 2026","tweet-2025564043277434885","wala ngang sipon hindi naman makahinga maayos dahil may kutob na ewan"
"Sun Feb 22 13:27:30 +0000 2026","tweet-2025563100112617762","ewan ko ba pero literal na puro tulog talaga ako pagkatapos ng pb, yung feeling na pagod na pagod kahit wala namang ginagawa 😭"
"Sun Feb 22 13:20:46 +0000 2026","tweet-2025561402933743972","putangina talaga pagod na pagod na'ko kinginang research to"
"Sun Feb 22 13:18:08 +0000 2026","tweet-2025560739734540793","Lagnat gwa ta sini fota"
"Sun Feb 22 13:16:38 +0000 2026","tweet-2025560362679185687","""tingin kasi nila sayo, dika napapagod"" lol hwuahahha, nakakapagod kayo intindihan, sana ma realize ninyo na pagod na pagod na ako, kung ano nalang yung tingin ninyo sakin, then go ahed ayun na isipin ninyo, dahil pagod na ako I explain yung side ko."
"Sun Feb 22 13:14:22 +0000 2026","tweet-2025559793809977455","Hanggang kailan moko titigilan, mamanipulahin, tatakutin, papaiyakin? Pagod na pagod na ko mabuhay sa takot na baka Isang araw ikalat mo mga video ko sa socmed😢"
"Sun Feb 22 13:00:27 +0000 2026","tweet-2025556292593709334","taas ng lagnat ko kainis"
"Sun Feb 22 12:58:46 +0000 2026","tweet-2025555866683122076","pagod na pagod na, partida review pa lang ito😭"
"Sun Feb 22 12:55:26 +0000 2026","tweet-2025555028631810157","alam niyo yung scenes na nag aaway sila mag asawa tas yung isa pagod na pagod na.. hindi na sisigaw, hindi na masyado makikipagtalo.. ayun ganun to pero minwon 🧍‍♀️ https://t.co/EPihf9FW5u"
"Sun Feb 22 12:51:24 +0000 2026","tweet-2025554013245358407","feel kuh gumaling na ang ubo at lagnat nung isa 

ASHRAVE SUN2 REUNITE
#AllOutForAshley"
"Sun Feb 22 12:49:42 +0000 2026","tweet-2025553587196264747","grabe pagod na pagod ako kahit off ko"
"Sun Feb 22 12:49:07 +0000 2026","tweet-2025553438348894326","@elfblueheart @Jericpppp one of the reason talaga to bat nagpabless tita ko, kasi madalas siya non magkasakit, as in ung lagnat na hindi nawawala ng ilang araw, and grabe rin talaga arguments sa house non super chaotic and negative ng feels"
"Sun Feb 22 12:35:41 +0000 2026","tweet-2025550058150932939","@522_silver May lagnat ka ba mars? If wala legit yun, hindi sya fever dram😭"
"Sun Feb 22 12:30:21 +0000 2026","tweet-2025548715403223218","di na ko nawalan ng lintik na sipon na to kakairita na"
"Sun Feb 22 12:24:53 +0000 2026","tweet-2025547339566547403","pisteeee jud na hubak oy mawa nasad ni atong tingog naunsa"
"Sun Feb 22 12:16:21 +0000 2026","tweet-2025545193437659395","may lagnat parin ako hahahahah ano baaaaaaa minsan lang magaya to sila karen eh😭😭"
"Sun Feb 22 12:12:26 +0000 2026","tweet-2025544208166293813","kawawa naman mga to 😭😭😭😭😭😭😭pagod na pagod huhuhuhuhu https://t.co/os00dtE9Pg"
"Sun Feb 22 12:11:06 +0000 2026","tweet-2025543870591951076","@hanaxvi95 Wala akong ginawa maghapon pero pagod na pagod ako sa punyetang LCK na to"
"Sun Feb 22 12:02:06 +0000 2026","tweet-2025541604921278549","Buti nalang nawala na lagnat ko kagabi hanggang ngayon at pati pag sikip ng dibdib ko
Sakit ng ulo lang ngayon araw"
"Sun Feb 22 11:52:47 +0000 2026","tweet-2025539263694360580","おはおどと時間合わない内にキレ散らかしコンテンツ終わってしまった"
"Sun Feb 22 11:51:24 +0000 2026","tweet-2025538914099028275","Oke ang aga pa para dapuan mokong lagnat ka fishting yawa"
"Sun Feb 22 11:50:20 +0000 2026","tweet-2025538645328068972","Almost a week na VL pero pagod na pagod ang katawang lupa ko, grabeee!

It was a short time, pero super saya —bitin lang talaga. May we all laugh together at one table again. Thank youuuu!

@yesitsmeCassie @fllloorrrR @ray_asmention @aguho_jean @forDLoveYu @spcyvera @bdvviii https://t.co/lXcSsvu9eZ"
"Sun Feb 22 11:30:51 +0000 2026","tweet-2025533743176528088","hindi kinaya ng sipon q, na-smell q parin, ugh. 😫"
"Sun Feb 22 11:29:10 +0000 2026","tweet-2025533320017379625","@pentolkuriya mau hubak dul"
"Sun Feb 22 11:26:26 +0000 2026","tweet-2025532632680001958","So happy for angel at shevana jusko hindi na sila pagod na pagod. Grabe yung setter nila ang galing gumawa ng play.  #UAAPSeason88"
"Sun Feb 22 11:24:51 +0000 2026","tweet-2025532231666880990","Tangina, wala talagang pinapalagpas tatay ko eh no? Awat sa may lagnat, sah"
"Sun Feb 22 11:20:18 +0000 2026","tweet-2025531085585830011","@jazzyy1115 Hahaha baka kayo hahaha mas malaki ilong ng idol mo siguro baha na un lagi dahil sa sipon"
"Sun Feb 22 11:18:19 +0000 2026","tweet-2025530590062403714","Finally, USTvsDLSU game na di pagod na pagod si Angel. Salamat sa buhay mo Eshana🙏🏼💚🤍👏🏻 #UAAPSeason88"
"Sun Feb 22 11:16:04 +0000 2026","tweet-2025530023990730802","Grabe, akala ko sipon lang tong tumutulo, luha ko na pala"
"Sun Feb 22 11:11:59 +0000 2026","tweet-2025528993546661987","punta sana ako kaso may ubo't sipon me, hindi na para magpalaganap pa ng epidemya"
"Sun Feb 22 11:07:03 +0000 2026","tweet-2025527754356408352","Nawawala na lagnat ko pero yung likod ko naman yung sumasakit gusto na talaga ata ako patayin ni allah"
"Sun Feb 22 11:07:02 +0000 2026","tweet-2025527749050593312","lahat na ba tayo ay may ubo at sipon?"
"Sun Feb 22 11:02:02 +0000 2026","tweet-2025526492223156322","@Mang_Enriquez ay sya may sipon at ubo ako now. tarrraaahhh!!!!"
"Sun Feb 22 10:58:59 +0000 2026","tweet-2025525724443238492","Pagod na pagod na si Angge"
"Sun Feb 22 10:45:22 +0000 2026","tweet-2025522297290010633","Pagod na pagod na pagod na pagod na si Angge Poyos 😭

 #UAAPSeason88"
"Sun Feb 22 10:37:26 +0000 2026","tweet-2025520301266878491","solid yung lamig sa infanta, sipon at ubo ang inabot ko 🤧"
"Sun Feb 22 10:14:31 +0000 2026","tweet-2025514530881912948","ayoko na, pagod na pagod na 'ko."
"Sun Feb 22 10:12:54 +0000 2026","tweet-2025514126618042839","guess what? after a day of fun and laughter.... im sick😆😭 may lagnat at sipon😮‍💨 kolet kasi e HAHAHAH"
"Sun Feb 22 10:12:46 +0000 2026","tweet-2025514092522557603","pskot aning hilanat oyy"
"Sun Feb 22 10:04:33 +0000 2026","tweet-2025512025586327915","Sana naman bigyan nyo si Sergio Veloso ng Lagnat for 1 week. Yung di muna sya makakaattend ng game. Kulamin nyo na sino mangkukulam dyan! Bwuahahahahaahha"
"Sun Feb 22 09:55:08 +0000 2026","tweet-2025509653170532559","lord ayoko na'po pagod na pagod na'po ako:&lt;"
"Sun Feb 22 09:50:57 +0000 2026","tweet-2025508600194728195","nawa'y layuan ako ng ubo't sipon gusto ko pang magfoodtrip sa field demoooooooooo pisting yawa"
"Sun Feb 22 09:42:08 +0000 2026","tweet-2025506382410326107","news: isang linggo ka na bang may ubo't sipon?

me: mag 2 months na kase sa'kin"
"Sun Feb 22 09:18:42 +0000 2026","tweet-2025500486804373636","@lezzgoNationalU Diba ang Gaga hayok yung bata na manalo tas binigay sa pagod na pagod ng pacia"
"Sun Feb 22 09:03:53 +0000 2026","tweet-2025496758449734007","PAGOD NA PAGOD SI YTANG TANGINA HHAHAHAHAHAHA 😭 https://t.co/0vWWedJLEJ"
"Sun Feb 22 09:02:36 +0000 2026","tweet-2025496433462526264","pagod na pagod si donna de leon kaka approach wala pa ring bigay si taks jusko po"
"Sun Feb 22 09:00:52 +0000 2026","tweet-2025495999142330685","Hindi ko alam kung yung init ng katawan ko is lagnat or inheat Kang ako eh haha"
"Sun Feb 22 08:59:27 +0000 2026","tweet-2025495640487465431","@rrukklover TREW! or george and primo pagod na pagod na ako scene, alone/together raf begging tin, never not love you sagutan haha lahat na"
"Sun Feb 22 08:43:11 +0000 2026","tweet-2025491546905403827","pagod na pagod na ‘ko"
"Sun Feb 22 08:41:52 +0000 2026","tweet-2025491218554388576","1~

God:
“Check niyo si K. Pagod na pagod ‘yan last year, pero hindi sumuko.”

Angel 1:
“Lord, she cried a lot but she still chose to believe in You.”

Angel 2:
“She’s healing. Slowly. And she’s brave enough to leave what hurts her.”"
"Sun Feb 22 08:40:53 +0000 2026","tweet-2025490967042904342","the bluetooth device is connected successfully. walang lagnat pero may hangover. PURRRR https://t.co/qIj64uYI3Y"
"Sun Feb 22 08:30:59 +0000 2026","tweet-2025488478293889468","Pagod na pagod na sa’yo"
"Sun Feb 22 08:18:25 +0000 2026","tweet-2025485313192460506","kaya pagod na pagod ako kapag nanonood ng live eh kasi pinapanood ko rin men's vb haha laging inaabot ng gabi"
"Sun Feb 22 08:15:53 +0000 2026","tweet-2025484675926680019","Tang ina talaga ng thinking ni Sergio wahaha this is the Taks Fujimoto effect, 8 point lead ng kalaban wahah jusko kahit may lagnat si Cortez siya pa din ipapasok ko kesa kay Taks chareng wahaha #UAAPSeason88"
"Sun Feb 22 07:34:19 +0000 2026","tweet-2025474215110115838","pagod na pagod na ako."
"Sun Feb 22 07:27:44 +0000 2026","tweet-2025472559085748351","kung ganito mag checheck ng lagnat ko baka mas piliin ko na lang wag gumaling"
"Sun Feb 22 07:21:02 +0000 2026","tweet-2025470873680183369","Tangina, pagod na pagod na ako. Di na natapos tapos."
"Sun Feb 22 07:09:40 +0000 2026","tweet-2025468011851940164","アルーナもフロストも飛んでこないタンクは何をなさってる方なの？サブキャラ？"
"Sun Feb 22 06:31:35 +0000 2026","tweet-2025458431097012257","@heathluvr Pagod na pagod na ako makipag away sa clock app, nakakainis HAHAHAHAHAHAHAHA kasalanan ba ni Heath na ginastusan siya ng mga tita niya?"
"Sun Feb 22 06:28:51 +0000 2026","tweet-2025457743637905420","Hayst hirap may ubo tsaka sipon grrrr"
"Sun Feb 22 06:10:15 +0000 2026","tweet-2025453062807236672","grabe 'yung kilig ko palagi sa gsot na pag natapos 'yung episode pagod na pagod ako? ang likot ba naman kasing kiligin?!"
"Sun Feb 22 05:56:35 +0000 2026","tweet-2025449619669606497","Diko ata kakayanin kapag mag start mag gym si ZhangShu 😩😩 parang doble ata panghihina kung ganon 😭 pero why not? 👀"
"Sun Feb 22 05:49:18 +0000 2026","tweet-2025447787316629663","status: sore throat + lagnat"
"Sun Feb 22 05:46:46 +0000 2026","tweet-2025447149664960929","ubo, sipon, tonsillitis + paos 😭"
"Sun Feb 22 05:46:08 +0000 2026","tweet-2025446992693129276","Nakakaiyak itong part. Oh, to be loved by Knox. Tumulo pati sipon ko. Bwct talaga."
"Sun Feb 22 05:27:51 +0000 2026","tweet-2025442391516451317","Maybe it’s js me but I really really reallyyyy wanna see Milklove play sumn like Barcelona or the hows of us, I need to see that “pagod na pagod na ko” scene from them like inject it in my veins rn pls"
"Sun Feb 22 05:21:39 +0000 2026","tweet-2025440831147311229","may sipon pala siya pero pina laro sabagay peyborit hahaha.. may kakilala kasi ako na may sipon din during game pero binangko kasi ginawang oh ang isa?"
"Sun Feb 22 05:16:01 +0000 2026","tweet-2025439413032169658","or inaapoy lang ako ng lagnat? lol"
"Sun Feb 22 05:13:28 +0000 2026","tweet-2025438769177149536","@ughdrrea pwede kahit 1 hour? may lagnat yung oat oh baka di na ko umabot sa big night HAHAHAHA"
"Sun Feb 22 05:02:16 +0000 2026","tweet-2025435952731357537","Feeling ko pagod na pagod ako ket wala naman akong ginagawa"
"Sun Feb 22 04:47:37 +0000 2026","tweet-2025432267334832622","even lagnat https://t.co/jjuD1Im7DM"
"Sun Feb 22 04:37:56 +0000 2026","tweet-2025429830469300256","pagod na pagod nako mag adjust pede bang ako naman"
"Sun Feb 22 04:29:02 +0000 2026","tweet-2025427589364683214","@aiknoew Sino ba naman kasing di lala ang lagnat kung puro genshin ang inatupag from from 10am to 4am?"
"Sun Feb 22 04:12:02 +0000 2026","tweet-2025423311015215340","@mielleluvvxs Alam nya kasi malakas sya sa tao pero kung task yan tulo sipon nyan😂😂"
"Sun Feb 22 04:06:56 +0000 2026","tweet-2025422027088429301","mas mosugot pjud kog ubo ug sipon lng kaysa ma dehydrate. bwsttttt"
"Sun Feb 22 03:58:59 +0000 2026","tweet-2025420026174734502","@fatedwons may lagnat ako oomfie 😓"
"Sun Feb 22 03:52:41 +0000 2026","tweet-2025418439423394206","May sipon pa rin si Mareng Jema, sakit din sa ulo niyan ha?"
"Sun Feb 22 03:26:11 +0000 2026","tweet-2025411774087106616","letcheng sipon"
"Sun Feb 22 03:11:47 +0000 2026","tweet-2025408150338469946","@nirunno ご冥福をお祈りいたします。
ゆきちゃんはきっと、安らかに眠っていることでしょう。"
"Sun Feb 22 03:07:30 +0000 2026","tweet-2025407071630623036","@PilipinasToday_ Kayo naman. Anong oras kaya Ito nakunan? Could it possibly be na night shift si Ma’am Nurse at pagod na pagod? I am sure tinanong nya ang pasyente kung OK lang na kuhanin ang BP Nya while standing."
"Sun Feb 22 03:03:33 +0000 2026","tweet-2025406076905267301","Pagod na pagod na si nick Jonas sakin"
"Sun Feb 22 02:51:06 +0000 2026","tweet-2025402944229966086","yung sipon at ubo ko ang lala ha. hindi na ako tinantanan. 🥺"
"Sun Feb 22 02:29:42 +0000 2026","tweet-2025397559850852631","Pagod na pagod na ako maghintay sayo 😭 https://t.co/lWM1gCrFvy"
"Sun Feb 22 02:24:47 +0000 2026","tweet-2025396321239400640","pagod na pagod na si jo"
"Sun Feb 22 02:17:04 +0000 2026","tweet-2025394377754120368","Naiintindihan niyo yung isang side pero never ang side ni Ymilio. HAHAHAAHHA utak niyo,may sipon."
"Sun Feb 22 02:00:16 +0000 2026","tweet-2025390149316870526","Sipon layuan mo akoooo!!!!"
"Sun Feb 22 01:43:22 +0000 2026","tweet-2025385895545954497","tanginang sipon to ayaw mawala."
"Sun Feb 22 01:30:06 +0000 2026","tweet-2025382558524178774","Pagod na pagod na ako sa ibang low class fan ni ashtine."
"Sun Feb 22 01:27:01 +0000 2026","tweet-2025381782384984130","Day 4 ng aking lagnat"
"Sun Feb 22 00:53:48 +0000 2026","tweet-2025373423200075955","Tumaas na sa tenga ko ang sipon. 😰"
"Sun Feb 22 00:10:09 +0000 2026","tweet-2025362438280151241","pagod na kong saluhin sila every time na may kulang

pagod na kong humanap ng paraan at solusyonan lahat

pagod na pagod na ko"
"Sun Feb 22 00:09:27 +0000 2026","tweet-2025362261506707488","@imtheatan Suuusssss sabog lang ang sipon ng mga DDS sa pagkikita nila PBBM at #MayorLeni 😂😂"
"Sun Feb 22 00:07:36 +0000 2026","tweet-2025361797424074963","Traded my sleep to read this, definitely worth it muntik na aq di makahinga dahil sa sipon"
"Sat Feb 21 23:37:05 +0000 2026","tweet-2025354116395118789","Ayoko sa lahat Sipon tas ubo eh"
"Sat Feb 21 23:28:28 +0000 2026","tweet-2025351948556533794","Sheeemay! May pa habol na ubo at sipon tong tag lamig sakin 😑"
"Sat Feb 21 22:10:32 +0000 2026","tweet-2025332334963404868","wdym may sipon na naman ako 😭"
"Sat Feb 21 21:07:44 +0000 2026","tweet-2025316531857744204","iniisip ko palang na march pa next off ko pagod na pagod na ako 🥲"
"Sat Feb 21 20:28:23 +0000 2026","tweet-2025306628048953387","paaa miss na kitaaa wala ako malapitan ehhh pagod na pagod na ako paaa i need you na"
"Sat Feb 21 20:25:52 +0000 2026","tweet-2025305996588188079","Humihigop ng sipon acting trew #KathrynBernardo"
"Sat Feb 21 19:25:14 +0000 2026","tweet-2025290736770462024","@pakistanwalli Awaam apkai sath Belkul nhi hai tum maryam nawaz kai hon aur maryam nawaz apke hai baqi awaam puri dunya sai tum par lagnat baijtay hai https://t.co/GoRu2vxfx6"
"Sat Feb 21 19:04:08 +0000 2026","tweet-2025285427889144049","May sipon na ngani"
"Sat Feb 21 19:01:21 +0000 2026","tweet-2025284726479876544","Tnginang yan barado talaga right ear ko 😭😭 bwisit na sipon yan ang sakit sa tenga ha"
"Sat Feb 21 18:56:41 +0000 2026","tweet-2025283551655248019","pagod na pagod na q magkasakit"
"Sat Feb 21 18:21:10 +0000 2026","tweet-2025274612704297136","pagod na pagod na utak ko"
"Sat Feb 21 18:04:30 +0000 2026","tweet-2025270419922845774","Malala ka na teh may ubo't sipon utak mo"
"Sat Feb 21 18:02:53 +0000 2026","tweet-2025270014371365042","awit na sipon to di makahingaa😪"
"Sat Feb 21 17:54:15 +0000 2026","tweet-2025267841109463067","acckkk! nabunutan jud siya sa akong hilanat😅"
"Sat Feb 21 17:44:33 +0000 2026","tweet-2025265398355247333","@ChismisNChaos juicecolored.......yun isa utak sipon yun isa latak....."
"Sat Feb 21 17:32:55 +0000 2026","tweet-2025262470647218520","Wag ka na dumalaw sa panaginip. Ang hirap gumising na mabigat ang dibdib. Dala ko buong araw."
"Sat Feb 21 17:32:28 +0000 2026","tweet-2025262359254856059","Naiiyak ako putang-ina… 😭 pero naunang tumulo ang sipon kaysa sa luha."
"Sat Feb 21 17:24:17 +0000 2026","tweet-2025260299138596968","gusto kong magsumbong sayo, kapag pagod na pagod na ako."
"Sat Feb 21 17:09:08 +0000 2026","tweet-2025256485606097187","Pagod na pagod sayo binondo"
"Sat Feb 21 16:59:07 +0000 2026","tweet-2025253967345975565","S2までデイリー消化してればいいのでエデンの戦士になる"
"Sat Feb 21 16:58:07 +0000 2026","tweet-2025253712780771678","Bakit ka nalulungkot, O kaluluwa ko? Bakit ka nababagabag sa loob ko? Umasa ka sa Diyos, at pupurihin ko pa siya, ang aking Tagapagligtas at aking Diyos.
Awit 42:6

Tulad ng may-akda ng Awit 42, lahat tayo ay dumaranas ng mga panahon ng kalungkutan at panghihina ng loob: “Ang aking mga luha ay naging aking pagkain araw at gabi, habang sinasabi nila sa akin buong araw, ‘Nasaan ang iyong Diyos?’” (Awit 42:4), mga pagkakataong nahihirapan tayong madama ang presensya ng Diyos: “Sinasabi ko sa Diyos, aking Bato, ‘Bakit mo ako kinalimutan? Bakit ako dapat magluksa?’” (Awit 42:10). Sa harap ng kanyang pagkabalisa, sa halip na hayaan ang kanyang sarili na madaig ng kanyang mga damdamin, ang salmista ay nagpatibay ng isang saloobin ng pananampalataya at piniling panatilihin ang kanyang pag-asa sa Diyos, upang purihin siya sa kabila ng lahat.
Kapag tayo ay binabagabag ng ating mga damdamin, mahalagang tandaan na ang Diyos ay mas dakila kaysa sa ating mga kalagayan. Tularan natin ang salmista at ilagak ang ating tiwala sa Diyos na Makapangyarihan sa lahat.
Awit 34:19: Ang Panginoon ay malapit sa mga pusong bagbag, at inililigtas ang mga nadudurog ang puso."
"Sat Feb 21 16:56:55 +0000 2026","tweet-2025253412372447481","ako lang ba yung masakit ang dibdib ngaun guys"
"Sat Feb 21 16:53:53 +0000 2026","tweet-2025252650170868145","nakakadisappoint lang kasi pagod na pagod na kong mag long message sayo every katapusan nalang pagod na rin akong makitang nag bebeg yung magulang natin sayo, hindi ko alam kung pano matatapos to peri sana, sana matauhan ka sa mga nasasabi ko"
"Sat Feb 21 16:48:54 +0000 2026","tweet-2025251396527030723","Wala, diko alam , pagod na pagod nalang talaga ako"
"Sat Feb 21 16:35:40 +0000 2026","tweet-2025248064823591056","Tanginang sipon ‘to. Wala na ako marinig talaga"
"Sat Feb 21 16:34:15 +0000 2026","tweet-2025247709603725662","bumabalik ‘yong feeling noon sa civil service exam. gustong gusto mong makapasa, pero pagod na pagod ka rin bago mo maabot ‘yon."
"Sat Feb 21 16:27:55 +0000 2026","tweet-2025246114929332568","Paulit-ulit na lang akong nasasaktan ng hindi niya alam dahil gusto kong makita niyang wala na akong pake, na okay na ako—na kaya kong wala na siya at kaya kong kalimutan siya pero durog na durog at pagod na pagod na ako at parang niloloko ko na lang sarili ko"
"Sat Feb 21 16:19:06 +0000 2026","tweet-2025243894922052060","THE ASSURANCE?! HAHAHA ILY Copilot kahit pagod na pagod kana sakin 🤣😭 https://t.co/lkpiFyiEwW"
"Sat Feb 21 16:18:44 +0000 2026","tweet-2025243802655674871","@willshine_tala may sipon ka ata, nhay ely HAHAHAHA 😭"
"Sat Feb 21 16:13:20 +0000 2026","tweet-2025242442023485689","letche eto kakauwi lang mga pagod na pagod"
"Sat Feb 21 16:11:26 +0000 2026","tweet-2025241967760961894","nakakapag-isip ba kayo nang tama kapag may sipon kayo? lala kasi ang hirap mag-solve habang sumisinghot😭"
"Sat Feb 21 15:56:27 +0000 2026","tweet-2025238194728698332","samot gyud tag kabuang anii kay ting hubak napud"
"Sat Feb 21 15:55:58 +0000 2026","tweet-2025238074809352313","sakitas akong dughan oyy, piste na hubak"
"Sat Feb 21 15:53:33 +0000 2026","tweet-2025237463376204164","Why do i have sipon again?????"
"Sat Feb 21 15:34:55 +0000 2026","tweet-2025232776098971967","tawang tawa ako sa ""ang tanging ina"" kay Carmelle hahahahhahahhaa buwesittt tas may mga ai edits pa yung parang fam sila tas pagod na pagod si @carmelle_lite itaguyod ang pamilya nya dahil single mowm hahahahhaa

WE LOVE YOU CARMELLE"
"Sat Feb 21 15:31:39 +0000 2026","tweet-2025231954317328730","Pagod na pagod na pagod na pagod na ngani yung tao. Gusto ko na mag rest.

Rest in Peace. HEHE"
"Sat Feb 21 15:31:07 +0000 2026","tweet-2025231821399883920","Today, another heartache💔 I don’t know what to do. Should I give up or shoud I chasing pavements? HAHAHAHAHA Pagod na pagod na pagod na pagod na pagod na akooooo😭 Kailan ba ako pipiliin ng tao, yung siya naman yung mag ca-care at love sakin. Hindi yung palagi nalang ako nauubos"
"Sat Feb 21 15:18:17 +0000 2026","tweet-2025228588602306933","Ariana Brandy.... SHET. nawala lagnat ko don. wtf legit hahahaha"
"Sat Feb 21 15:17:38 +0000 2026","tweet-2025228426354065832","Kakapagod mag sulat. ayaw kona at need rin gumawa ng IMs araw²  pagod na pagod na ako😭😭😭😭 sa isang araw 4 na LP isulat may IMs pa😭"
"Sat Feb 21 15:14:24 +0000 2026","tweet-2025227610989666478","Lord lipat mo nalang sakin sipon ni shawn😢"
"Sat Feb 21 14:58:24 +0000 2026","tweet-2025223586924167438","Too tired to be the eldest. PAGOD NA PAGOD NA RIN AKONG PAGPASENSYAHAN KA"
"Sat Feb 21 14:56:18 +0000 2026","tweet-2025223059830088137","purya hilanat 😫"
"Sat Feb 21 14:54:57 +0000 2026","tweet-2025222717977624876","pagod na pagod ako lord"
"Sat Feb 21 14:54:43 +0000 2026","tweet-2025222659051827624","pls no lagnat ☹️☹️ di na aq nakarest bro hahahaha"
"Sat Feb 21 14:42:54 +0000 2026","tweet-2025219686498263046","@cozwhoareutho may lagnat ka ba?"
"Sat Feb 21 14:34:44 +0000 2026","tweet-2025217631565844895","I have this study day and I’ll have to travel to bristol and I don’t have the energy to travel 😭😭 sana matuloyan na yung lagnat ko hahahah"
"Sat Feb 21 14:31:20 +0000 2026","tweet-2025216773801607524","totoo ba to o panaginip lang kapag may lagnat"
"Sat Feb 21 14:28:33 +0000 2026","tweet-2025216073952628756","Gusto ko makita ka para makaramdam ng pahinga :'( pagod na pagod na yung katawang lupa at isip ko :'( 💔"
"Sat Feb 21 14:13:20 +0000 2026","tweet-2025212245635203585","grabeng sipon naman to"
"Sat Feb 21 14:12:02 +0000 2026","tweet-2025211918290747664","update: pagod na pagod nanaman 😞😞😞"
"Sat Feb 21 14:11:31 +0000 2026","tweet-2025211787101306928","Sipon 😑"
"Sat Feb 21 14:09:15 +0000 2026","tweet-2025211216214589930","letcheng sipon yan, di makaiyak ng ayos jusko, di ko alam kung matatawa ako o miiyak dahil sa sipon na to eh, na para bang sino suffocate ako"
"Sat Feb 21 14:07:55 +0000 2026","tweet-2025210882125640031","@TheSRKian Lagnat kahi prbm nahi na ?"
"Sat Feb 21 14:02:01 +0000 2026","tweet-2025209398185132213","pagod na pagod na si jeonghan mag dispute ng buff era claims ng mga members niya 😭 https://t.co/dzi4G1kt2l"
"Sat Feb 21 14:01:57 +0000 2026","tweet-2025209379428131095","wala pa akong nagagawa pero pagod na pagod na talaga ako"
"Sat Feb 21 13:51:19 +0000 2026","tweet-2025206703508390215","walang magmmove on teh nawala bigla yung sipon ko im so seriousnawala ung sakit sa ulo ko nawala ung antok ko im alive im so alive https://t.co/figT2WEayD"
"Sat Feb 21 13:39:27 +0000 2026","tweet-2025203718380290352","Bat parang pagod na pagod aq ngayon eh wala naman akong ginawa"
"Sat Feb 21 13:32:15 +0000 2026","tweet-2025201907086864556","Pagod na pagod na ako. Gusto ko na lang maubos"
"Sat Feb 21 13:09:41 +0000 2026","tweet-2025196227152019794","tangina pagod na pagod na yung tao"
"Sat Feb 21 13:07:41 +0000 2026","tweet-2025195725169328306","Student teacher na pagod na pagod na (: https://t.co/FSySYqdWIo"
"Sat Feb 21 12:59:37 +0000 2026","tweet-2025193695407206882","pagod na pagod na ang katawang lupa ko tapos 8am-8pm pa ako bukas??? 😩😭"
"Sat Feb 21 12:47:44 +0000 2026","tweet-2025190704784527557","@imprdncio0528 My sipon at ubo pa nyan ang bebe jema namin pero barogera pa rin"
"Sat Feb 21 12:40:32 +0000 2026","tweet-2025188890999750808","Pagod na pagod na po ako"
"Sat Feb 21 12:34:14 +0000 2026","tweet-2025187305196322873","@bylerdontcry tapos makikita sa ig notes nasa gitna nila isang party member na pagod na pagod na 😭😭😭 https://t.co/RiCNyYmAKb"
"Sat Feb 21 12:33:43 +0000 2026","tweet-2025187177488163018","最近だと奈々さんの東京公演1日目の過ごし方が一番充実してたな
特に都内あさんぽによる幸福感半端ない"
"Sat Feb 21 12:27:33 +0000 2026","tweet-2025185624328896792","@PuneriSpeaks Kay faltu lok aahe. Nahi naav, apman vatat aahe, tar nahi jayache lagnat."
"Sat Feb 21 12:26:38 +0000 2026","tweet-2025185391700238700","pagod na pagod na ko sa trabaho buti na lang talaga active si user minwonaissance ngayon. may binabasa ako after work 🫡"
"Sat Feb 21 12:23:26 +0000 2026","tweet-2025184587937448086","pagod na pagod takteee"
"Sat Feb 21 12:19:01 +0000 2026","tweet-2025183475599638751","雀魂に関しては、
・九種九牌を廃止
・打牌までの時間を加算制
にしてほしい
特に長考の時間はそれなりに欲しいよ…"
"Sat Feb 21 12:15:37 +0000 2026","tweet-2025182621853188591","牌譜を見返すんだけど、たまに自分には到底考えられない打ち方をする人が居るから勉強になる"
"Sat Feb 21 12:14:28 +0000 2026","tweet-2025182329522803112","雀魂はその後3連続トップと好調🫶
初の国士無双上がりもありこのまま雀豪⭐︎2まで駆け抜けたい"
"Sat Feb 21 12:14:16 +0000 2026","tweet-2025182278905930122","Sa true. Pag ako nagsspa yung massage talaga ang habol ko as a trentahing masakit ang katawan. Kung may ganap eh di bonus pero kung wala di naman ako naiirita haha"
"Sat Feb 21 12:13:07 +0000 2026","tweet-2025181992053346313","人というかVtuberか？よく分からん"
"Sat Feb 21 12:13:07 +0000 2026","tweet-2025181990694387840","Sama bigla ng pakiramdam ko haha antaas ng lagnat jusko pano uuwi neto🫠"
"Sat Feb 21 12:11:30 +0000 2026","tweet-2025181583515525230","Daw mapatay ko ka lagnat ko ba"
"Sat Feb 21 12:09:03 +0000 2026","tweet-2025180967971983427","pagod na pagod na siguro yung pusa sa kaingayan ko

congrats heath, princess, miguel, &amp; joaquin!! https://t.co/RT1GDHZ78L"
"Sat Feb 21 12:07:32 +0000 2026","tweet-2025180586781147573","横浜で1人飲んでたけど、星街すいせい？とかいう人のライブ帰りの人めっちゃいた"
"Sat Feb 21 12:06:23 +0000 2026","tweet-2025180294979182619","tanginuh pagod na pagod ako kanina, labas pasok campus ggrahhhhhhhhh ayan cge finance officer pa

almost 13k steps ko today wtf tapos bibigat nung drafting tables lol madami man kanina people pero kahit na huhu

tapos dun sa isang room mag-isa nalang ako nag-ayos armchairs"
"Sat Feb 21 11:53:43 +0000 2026","tweet-2025177108088066359","@SGG_Essiralk @LemonadeAuburn Haha nahawa ka ng sipon ko master? 😂✌🏼"
"Sat Feb 21 11:50:40 +0000 2026","tweet-2025176341969338672","CANCEL ANG LAGNAT WHAHAHAHAHAHAHAHAHAHAHAHAHAHAAHAHAHAHAHA CONGRATULATIONS, LADIES!!!!💛💙🐶"
"Sat Feb 21 11:45:17 +0000 2026","tweet-2025174987586634044","hi guys i have sipon UGHH"
"Sat Feb 21 11:43:29 +0000 2026","tweet-2025174532462706812","pagod na pagod na 'ko"
"Sat Feb 21 11:37:32 +0000 2026","tweet-2025173035494641970","Lagnat na lagnat na ako"
"Sat Feb 21 11:27:15 +0000 2026","tweet-2025170447965585871","@PBBabscbn feeling ko sumabay ung lagnat ko sa kaba para kong mak c*rdi*c arrest kanina 😭"
"Sat Feb 21 11:23:03 +0000 2026","tweet-2025169390753513839","pagod na pagod na 'ko leche gusto ko na lang manirahan sa probinsya at kumain ng gulay don araw-araw!!! 😩🤍"
"Sat Feb 21 11:18:52 +0000 2026","tweet-2025168341112160604","pagod na pagod na pagod na ang mata at dibdib ko kakaiyakkkk;((("
"Sat Feb 21 11:16:36 +0000 2026","tweet-2025167769084514608","I hope Lella gets to be the big winner 😊

Also so sad lang for Marco kasing parang pagod na pagod siya since bumalik siya, proving himself especially for the tasks only for pbb to be greedy enough they’d have voting instead of pure tasks. 

#PBBCollab20TheUltimate8"
"Sat Feb 21 11:13:36 +0000 2026","tweet-2025167015280009724","Yung gulat ko nung nakita ko na hindi naka bihis ng todo si heath😭 ang laff ko sayo moy! Pagod na pagod na siya 😭

#PBBCollab20TheUltimate8"
"Sat Feb 21 11:12:53 +0000 2026","tweet-2025166834677547518","parang tumaas lalo lagnat ko 😭 capkrysmelle ko 😭
#PBBCollab20TheUltimate8"
"Sat Feb 21 11:12:26 +0000 2026","tweet-2025166721209040989","wrong move ata na pinanood ko yung #meetgreatandbye ng may sipon tapos first day pa nung dalaw ko kasi umpisa pa lang bakit umiiyak na ako? 😭😭😭"
"Sat Feb 21 11:04:27 +0000 2026","tweet-2025164712305160549","headache, sakit body, ubo, sipon hahahahahhahaa im so tired:("
"Sat Feb 21 11:00:54 +0000 2026","tweet-2025163818171859203","Hindi halatang pagod na pagod na si Mingyu dyan ateh qwoah 😭😭😭"
"Sat Feb 21 10:51:11 +0000 2026","tweet-2025161371516809389","LF MORE FILO LADS GIRLIEEEE PLSSSS 😭🙏 PAGOD NA PAGOD NA KONG MAG ENGLISH OH!!!"
"Sat Feb 21 10:45:09 +0000 2026","tweet-2025159852218351720","monthly na lang ako may lagnat eh no"
"Sat Feb 21 10:39:50 +0000 2026","tweet-2025158514885448103","naiiyak ako sa kaba, sumabay pa yung lagnat ko talaga ngayon 😭 

#PBBCollab20TheUltimate8"
"Sat Feb 21 10:36:24 +0000 2026","tweet-2025157652410761718","May ubot sipon pa pala ang bebe. 🥺
Pagaling ka 🙏"
"Sat Feb 21 10:30:28 +0000 2026","tweet-2025156160060621150","Di lang luha yung natulo HAHA nasama pa pati sipon hyyyff! 😢😭 What a beautiful plooooooooooot ❤️ naluha luha pa nga, thank you direk! @RighteousLeftst and for the last time, thank you, KR! Thank you, PSII Team!

PSII FATED FINALE 
#KrisshRome | #ParaSaIsatIsa
#ParaSaPagtatapos"
"Sat Feb 21 10:28:42 +0000 2026","tweet-2025155714721914974","May ubo't sipon pa yung bebe 🥹"
"Sat Feb 21 10:24:17 +0000 2026","tweet-2025154604791726489","@dryllgrd Pati na yung sipon"
"Sat Feb 21 10:21:55 +0000 2026","tweet-2025154006918856940","pagod na pagod 10x"
"Sat Feb 21 10:21:13 +0000 2026","tweet-2025153829436883438","@xo_rayaluvs Pagod na pagod na si teo kakatakbo HAHAHAHAHAHAHAHAHA

ONE YEAR WITH LANCEBREY

#LanceBreyInBetweenFrames
#LanceBrey 
#AubreyCaraan #LanceCarr"
"Sat Feb 21 10:11:47 +0000 2026","tweet-2025151457423667261","ang sakit ng ulo ko dahil sa ubo't sipon tas dumagdag pa mga kakampi ni bella at NUWVT HAHAHAHA"
"Sat Feb 21 10:10:47 +0000 2026","tweet-2025151204368761046","nakaka miss manood ng kdrama kasi naman pagod na pagod araw2 galing opisina tapos otty pa🫩🫩"
"Sat Feb 21 09:59:42 +0000 2026","tweet-2025148416033259693","confirmed may sakit na talaga ko 😭😭😭😭😭😭😭😭😭 denial pa ko sa sipon ko sabi ko baka allergies lang pero no :(("
"Sat Feb 21 09:53:05 +0000 2026","tweet-2025146750999335385","Daw road to lagnat haw. Yugs"
"Sat Feb 21 09:39:56 +0000 2026","tweet-2025143441081163807","@JYATSUYANAGI I hope that is just a what we call lagnat laki. Ask wife what it means. You will surely laugh to make you feel better."
"Sat Feb 21 09:37:16 +0000 2026","tweet-2025142770575573347","Te ly tulungan mo na si Bella walang katulong oh pagod na pagod na kakabuhat sa  teammates niya"
"Sat Feb 21 09:36:46 +0000 2026","tweet-2025142644935197007","May resident doctor ba sa Arena? Baka pwedeng matingnan ibang players ng Cap1 baka may mga sinat ei. Si Belen lang ata my super ultra mega vaccine ng vitamin abcdef. Pagod na pagod na yung bata. #PVL2026"
"Sat Feb 21 09:34:04 +0000 2026","tweet-2025141963343679975","Kitang kita sa mukha ni belen na pagod na pagod at medjo disappointed sa mga kasama! Buhat na buhat ang buong capital 1 #PVL2026"
"Sat Feb 21 09:31:57 +0000 2026","tweet-2025141434278658251","@only4lancebrey pagod na pagod na yung bata jsqu ahahaha"
"Sat Feb 21 09:26:31 +0000 2026","tweet-2025140064507040243","MEDICAL MISSION DAY 2 DONE SOBRANG PAGOD NA PAGOD AKOOOO 😭😭😭😭😭😭😭"
"Sat Feb 21 09:24:33 +0000 2026","tweet-2025139569021387110","nakaka stress manood ng capital one vs ccs game ngaun ang bobo talaga ni de brito jusko pagod na pagod na katawan lupa ni belen. hinde nya kaya mag isa yan. 17-23 amg score pinahabol nila yung score jusme. #PVL2026"
"Sat Feb 21 09:17:34 +0000 2026","tweet-2025137811943555280","PUTA KUNG AQ SI BELLA PAGOD NA PAGOD NA AQ"
"Sat Feb 21 09:13:37 +0000 2026","tweet-2025136820162625668","kagagalimg ko lang sa 2 weeks na sipon ko ehhh😭"
"Sat Feb 21 09:13:16 +0000 2026","tweet-2025136731067220203","may sipon na naman akoooooo"
"Sat Feb 21 09:12:30 +0000 2026","tweet-2025136538913570945","over naman sa lagnat"
"Sat Feb 21 09:12:19 +0000 2026","tweet-2025136491790504114","ウィーアー！とホテルに入った時にすると喜ばれる行動３選
https://t.co/xdpR24B88G

#sm45869863
#ニコニコ動画"
"Sat Feb 21 09:10:44 +0000 2026","tweet-2025136091582599186","2hrs nalang.. pagod na pagod nako. 😅"
"Sat Feb 21 09:02:13 +0000 2026","tweet-2025133948515614997","wala na lagnat na next nito di q 2loy maenjoy🥲🥲"
"Sat Feb 21 08:57:55 +0000 2026","tweet-2025132867450437867","balik 🍵 after gi hilanat 😌 https://t.co/YRrv6B49mz"
"Sat Feb 21 08:51:04 +0000 2026","tweet-2025131144577187985","naninibago kami ng friends ko kasi ang aga namin umuwi pero pagod na pagod talaga kami di na namin kaya magikot 😆"
"Sat Feb 21 08:47:36 +0000 2026","tweet-2025130270614032710","@ate_TJ Woi kahapon pa di namawala wala sipon ko kaka iyak.. Ang ending parang madurog na 3months old baby puffy ko kakayakap I want them to feel the love."
"Sat Feb 21 08:43:42 +0000 2026","tweet-2025129290975903848","Dina ma-alis alis tong lagnat ko.😣"
"Sat Feb 21 08:42:19 +0000 2026","tweet-2025128943721087069","Takteng ubo at sipon to. Nung pasko pa to!!! 🤧🤧🤧😷"
"Sat Feb 21 08:37:55 +0000 2026","tweet-2025127836638740884","pagod na pagod na ako"
"Sat Feb 21 08:32:55 +0000 2026","tweet-2025126576376156458","Dapat gnto din galaw ng CMFT tulad ng sister team nila. Parang hindi sila napapagod... Ang CMFT parang pagod na pagod kahit sa set 1 pa lang yon. 😁 Coach at S and C yta dapat palitan sa ChocoMucho. 3-1 ang CCS today. ☺️"
"Sat Feb 21 08:29:14 +0000 2026","tweet-2025125649313399229","pagod na pagod na pagod na pagod na pagod na pagod na pagod na pagod na pagod na pagod na ako 😭"
"Sat Feb 21 08:06:27 +0000 2026","tweet-2025119917046116621","daig ko pa buntis... jwu 😭 pagod na pagod ako 😭"
"Sat Feb 21 07:50:49 +0000 2026","tweet-2025115979647230240","hindi ako gagaling kung ganito ex ko 😭 baka lalong lumala lagnat ko jusko! 

 https://t.co/sMdkRGLDdI"
"Sat Feb 21 07:47:14 +0000 2026","tweet-2025115077997949372","Graveh ung sipon ko today💦😂 https://t.co/Bu3ZJDg0Wt"
"Sat Feb 21 07:44:01 +0000 2026","tweet-2025114269755552043","PAGOD NA PAGOD NAKO PUTANGINA"
"Sat Feb 21 07:32:53 +0000 2026","tweet-2025111468715508007","Ayun iwas muna sa fun and hook ups may sipon akoo🤧"
"Sat Feb 21 07:25:24 +0000 2026","tweet-2025109584252469436","Di pa rin totally nawawala sipon ko pero lampake na gusto ko na mag ingay at mambulabog ng kapitbahay 😌"
"Sat Feb 21 07:13:15 +0000 2026","tweet-2025106525937959386","@coffeem4te @garpsatty @cutieyabmat at bakit nandito ang may lagnat?"
"Sat Feb 21 06:56:28 +0000 2026","tweet-2025102303523733905","mata ng may sipon https://t.co/EiJxZKLDG3"
"Sat Feb 21 06:39:59 +0000 2026","tweet-2025098156485345359","Taena sakit sa ulo naman netong sipon na to 🤧🤧🤧🤧 sabayan pa ng walang tulog nang ilang araw 🥲"
"Sat Feb 21 06:11:29 +0000 2026","tweet-2025090981817954748","2nd lagnat ko na toh this feb what's wrong with me ahahahah"
"Sat Feb 21 06:11:07 +0000 2026","tweet-2025090891149705690","1 lang yung spicy ng ramen pero tumutulo na sipon ko ackk"
"Sat Feb 21 06:04:59 +0000 2026","tweet-2025089346169438420","@IanIslander3 pagod na pagod na si vince gusto niya nalang magsumbong hahaha"
"Sat Feb 21 05:59:52 +0000 2026","tweet-2025088059570880711","HAHAHAHAHHAHAHAHAHAHHAHAHA SANA MAGKA LAGNAT SI ANCHETA AFTER NG GAME NA TO"
"Sat Feb 21 05:58:15 +0000 2026","tweet-2025087653352538206","parang hihilingin na lang natin na mag ka lagnat bigla si ancheta sa mga next game e"
"Sat Feb 21 05:41:38 +0000 2026","tweet-2025083469865648218","Pagod na pagod 🥹🤣 https://t.co/otHGvlndun"
"Sat Feb 21 05:30:58 +0000 2026","tweet-2025080788057031076","ang daming cancelled plans dahil sa bwisit na lagnat na ito🫩"
"Sat Feb 21 05:27:22 +0000 2026","tweet-2025079881881862522","pagod na pagod na ako, gusto ko huminga at magpahinga muna sa lahat ng nangyayari :&lt;&lt;"
"Sat Feb 21 05:19:16 +0000 2026","tweet-2025077841168375977","Naligo ako ng masakit ang katawan tapos naglaba"
"Sat Feb 21 05:14:18 +0000 2026","tweet-2025076594646417861","lagnat nato🤒"
"Sat Feb 21 05:04:33 +0000 2026","tweet-2025074140466843735","pagod na pagod na katawang lupa ko kelan ba uli bakasyon"
"Sat Feb 21 05:00:15 +0000 2026","tweet-2025073058206363972","pisting sipon to"
"Sat Feb 21 04:54:38 +0000 2026","tweet-2025071645229305966","may ubo, sipon, headache, tapos inaasthma pa lala"
"Sat Feb 21 04:22:16 +0000 2026","tweet-2025063497651159068","ang bebu ko parang pagod na pagod sa work 😭"
"Sat Feb 21 04:12:03 +0000 2026","tweet-2025060927650103428","bakit kasi nag aayos ng binder kung kelan pagod na pagod sa work?"
"Sat Feb 21 04:04:34 +0000 2026","tweet-2025059042541064663","またラス引いた😭
4連続ラスったYO😭😭"
"Sat Feb 21 03:56:41 +0000 2026","tweet-2025057061265179064","Me: sulat ako something sad bukas.
Me the next day: *may sinat na papuntang lagnat*

Annoying na ha."
"Sat Feb 21 03:51:51 +0000 2026","tweet-2025055844443062635","lalatch ng lagnat hayup"
"Sat Feb 21 03:49:17 +0000 2026","tweet-2025055196280487956","@ApaoSangsa19680 @RuthDonayr21270 Isa sa mga nag video..Sabi pahingain muna daw si rave at my lagnat ..next time na lang daw..Pero my katuloy pa yan..paano kasi Sabi nun kasama ni rave may sakit at ubo si rave next time na lang..tapos may bakla nag Sabi Kay rave ""tagal nmin nag hintay dito para makita ka"""
"Sat Feb 21 03:33:54 +0000 2026","tweet-2025051327433507287","bobo, nagrereklamo kayo na may crisis sa edukasyon. na pagod na pagod kayo palagi. na parang halos di naka yo tao tratuhin tapos iboboto nyo yung rason bakit nangyayari yon?!?!??!! ANG TATANGA TALAGA"
"Sat Feb 21 03:32:05 +0000 2026","tweet-2025050869918826511","namimiss ko na magluto pero bwisit na sipon 'to, wala ako malasahan talaga 🤧"
"Sat Feb 21 03:26:28 +0000 2026","tweet-2025049454827766239","And I’m not one to talk about the things I did, but fuck, I’ve gone through so much lengths and crossed oceans for people who will make me feel like I’m stretching my luck for asking. Sobrang pagod na pagod na ako."
"Sat Feb 21 03:11:05 +0000 2026","tweet-2025045586089836691","pagod na pagod buong pagkatao ko tapos si robin padilla na nangungupal lang sa senado sumasahod nang walang kahirap-hirap 🤠"
"Sat Feb 21 03:02:55 +0000 2026","tweet-2025043529735815319","yung pagod na pagod kana sa life HAHAHAHAH mika naman😭"
"Sat Feb 21 03:01:49 +0000 2026","tweet-2025043252534280259","Me na umiiyak ngayon kasi hindi ako naka sali sa tp kagabe 😭Sumabay pa kasi tong lagnat na to jusko🥹"
"Sat Feb 21 02:55:20 +0000 2026","tweet-2025041622443196802","Pagod na pagod nako, tangina sobrang nakakaburnout"
"Sat Feb 21 02:51:25 +0000 2026","tweet-2025040634848182745","Pagod na pagod na pagod na pagod na tayo sa ganito"
"Sat Feb 21 02:28:11 +0000 2026","tweet-2025034789422858523","way back 2021 yun yung 1st time sa buhay na wala akonv pang-amoy as in gawa ng covid. now, sobrang lala ng ubo at sipon ko. hindi naman runny nose pero wala ako pang  amoy. o barado lang talaga ilong ko 😭

haysss"
"Sat Feb 21 02:21:38 +0000 2026","tweet-2025033141833138509","mka hilanat mni ma zerohan oyps"
"Sat Feb 21 02:17:27 +0000 2026","tweet-2025032088697933879","ひょっとしてペルラがウェザーの脈に気付けさえすれば最悪の事態は免れたのでは🤔"
"Sat Feb 21 02:14:24 +0000 2026","tweet-2025031320288854145","Focus sa pagpagaling? Kino??!!!! Paanuuuu??? Kng ako my lagnat tas ganyan ka harot ang x ko macocomatose nlng talaga akooo"
"Sat Feb 21 02:06:20 +0000 2026","tweet-2025029290069492161","di na inalisan ng lagnat ha"
"Sat Feb 21 01:59:53 +0000 2026","tweet-2025027667159048578","Parang may sipon sinclea, or ganun tlga boses bya."
"Sat Feb 21 01:56:43 +0000 2026","tweet-2025026871147278368","Yung sipon ko mula December pa. Kelan ba to mawawala?"
"Sat Feb 21 01:43:45 +0000 2026","tweet-2025023605218967892","@ApaoSangsa19680 Natawa ako🤣🤣 bat naman sumusunod kasi si rave?😅baka kaya may ubo at lagnat nahawa🤣🤣char"
"Sat Feb 21 01:38:27 +0000 2026","tweet-2025022272361157049","simula ata nag start yung gsot, may sipon na ‘tong si cleaa!! hanapan nyo na ng kino para gumaling 😭"
"Sat Feb 21 01:31:18 +0000 2026","tweet-2025020473009197264","2 months pa lang pagod na pagod na ako"
"Sat Feb 21 01:25:04 +0000 2026","tweet-2025018904670871796","Sana epekto lang to ng binili kong bikini hahaha lagnat sa presyo"
"Sat Feb 21 00:58:31 +0000 2026","tweet-2025012223413027179","Ang aga aga pero feeling ko pagod na pagod na ako"
"Sat Feb 21 00:44:53 +0000 2026","tweet-2025008790815605154","May ubo/sipon na ba ang lahat? 😭"
"Sat Feb 21 00:37:43 +0000 2026","tweet-2025006989097701697","Pagod na pagod na yan makapaglaro pa kaya ng maayos yan today"
"Sat Feb 21 00:22:35 +0000 2026","tweet-2025003180841701571","good morning, bakit naman nagsusumbong head admin rave ni ashley na may lagnat sipon siya 😭😭😭

#AshRave https://t.co/87tHGs1oxq"
"Sat Feb 21 00:22:11 +0000 2026","tweet-2025003080358789316","There’s honestly no need to clarify this. And to those claiming KaiKyles are withdrawing support — Wisharts are literally busy planning ganaps for next month. Pagod na pagod po ang creatives sa dami ng requests ni mother @ultkaikyle at @kaicharri 🤭"
"Fri Feb 20 23:52:56 +0000 2026","tweet-2024995718671560846","@kamilakyuu na parang dapat pati sha bayad sa mga trip ng carats sa tiktok pls 😭😭 pagod na pagod na mga standee nya sa buong sulok ng pinas"
"Fri Feb 20 22:35:54 +0000 2026","tweet-2024976330480386157","naiiyak na me hahahah parang pagod na pagod ako gusto ko nalang humimlay talaga"
"Fri Feb 20 22:30:00 +0000 2026","tweet-2024974848624394613","Parang pagod na pagod na naman ako huhu"
"Fri Feb 20 22:22:34 +0000 2026","tweet-2024972977897709805","pagod na pagod ang ate niyo"
"Fri Feb 20 21:12:20 +0000 2026","tweet-2024955303796899860","di pinapatulog ng sipon basag"
"Fri Feb 20 20:45:17 +0000 2026","tweet-2024948495208337561","hubak napong eabab🤦🏻‍♀️"
"Fri Feb 20 19:14:57 +0000 2026","tweet-2024925761682244007","patulugin nyo na si bonnie ‘nak, mukhang pagod na pagod na si bading😭"
"Fri Feb 20 18:42:24 +0000 2026","tweet-2024917571875778911","Pinapasuot niya na sa akin kasundo niya pero nung nasa barbequehan doon ko pa lang hiningi, kinapa niya pa noo at leeg ko kung may lagnat HAHAHA oa, siya nagsuot sa akin ng unif niya tapos sinuot nya rin helmet sa'kin sabay kanta nung Korean song HAHSHSHSHSHHDD baliw."
"Fri Feb 20 18:41:57 +0000 2026","tweet-2024917458621182197","@hmsytical Bat parang may sipon si Clea????"
"Fri Feb 20 18:26:29 +0000 2026","tweet-2024913565698982270","Gumising na bumaba ang lagnat plus gumising na may landing pa breakfast hahahaha

VIARKIN IN LOVENAT 
VIARKIN IN LOVENAT 
VIARKIN IN LOVENAT 

#GSOTLikeMagnets
#WilBea"
"Fri Feb 20 18:11:44 +0000 2026","tweet-2024909852024471632","diz fukin sipon came from the tears i cannot express sa office"
"Fri Feb 20 17:49:57 +0000 2026","tweet-2024904371721703914","L dos manya tiene sipon n toss.. yan tapon ky ta tose pro tn kiss ki kiss pa.. duro kabesa.. oh ara kien ta supri? Kien pobre? L bata and io"
"Fri Feb 20 17:49:38 +0000 2026","tweet-2024904289324511271","Weird how I was this devoted to someone na all I did was wish them well and be good to them and love them to their bones only to be betrayed. 

Sana mawala ka na sa ikot ng buhay ko, pagod na pagod na ako.

Ayaw na kitang ipagdasal"
"Fri Feb 20 17:39:17 +0000 2026","tweet-2024901684506583301","Iba lagnatin si Via , lalong gumaganda. Miss you Mama Bear @beabinene , Ikaw lang ang may lagnat na sobrang ganda haysst

VIARKIN IN LOVENAT
#GSOTLikeMagnets"
"Fri Feb 20 17:35:54 +0000 2026","tweet-2024900836678402188","MEET, GREET &amp; BYE

 over sa cry, over sa sipon at over sa hindi makahinga.
 
Puntong punto naman po yung problem as a panganay at pangungulila sa ina? Tamang tama oh:)."
"Fri Feb 20 17:35:53 +0000 2026","tweet-2024900830881890423","lagnat talaga ang kalaban"
"Fri Feb 20 17:29:51 +0000 2026","tweet-2024899311495250271","pagod na pagod ang baby na yan😭"
"Fri Feb 20 17:18:36 +0000 2026","tweet-2024896481812214149","gets taina pagod na pagod din ak"
"Fri Feb 20 17:16:40 +0000 2026","tweet-2024895993481949358","natuluyan na ngang nawala ang panlasa dahil sa ubo at sipon na 'yan, kapag talaga mag kakasakit ako sabay lahat e sakit sa lalamunan, lagnat tapos ubo't sipon. 

parang sinasabi sakin na "" oh ito isang bagsakan para hindi kana mahirapan"" thanks po ha huhu"
"Fri Feb 20 17:14:33 +0000 2026","tweet-2024895461698798014","May panahon akong naalala na napasabi ako na pagod na pagod na ako way back. Pero dahil yon sa work sumagad ako sa oras tas pinupush ko padin sarili ko non na makasama siya at umiyak siya na misunderstood nya yon. Pero sa work lang talaga yon sobrang lng talaga ako magmahal."
"Fri Feb 20 17:07:59 +0000 2026","tweet-2024893810967552115","parusang ubo't sipon to!!!!!!!!"
"Fri Feb 20 17:01:32 +0000 2026","tweet-2024892185225933243","parang gusto korin magka lagnat tapos may Arkin na magaalaga.🥹 

VIARKIN IN LOVENAT
VIARKIN IN LOVENAT
VIARKIN IN LOVENAT

#GSOTLikeMagnets
#WilBea https://t.co/GPmOTSbcoi"
"Fri Feb 20 16:33:48 +0000 2026","tweet-2024885206155722953","pagod na pagod na pagod na pagod na akoooo"
"Fri Feb 20 16:29:09 +0000 2026","tweet-2024884037459083389","grabe, sukong suko na ako sa acads at gastusin. pagod na pagod na ako sa pagiging working student. naubos na ko't lahat, may tf balance pa rin ako??? DANGG

pagiging a'tin ko na lang bumubuhay sakin."
"Fri Feb 20 16:21:34 +0000 2026","tweet-2024882127599485398","maem,, gusto ko nalang maging housewife pls pagod na pagod na aq ✊🏻😔"
"Fri Feb 20 16:17:09 +0000 2026","tweet-2024881015307854223","TAENA PAGOD NA PAGOD AKO TODAY"
"Fri Feb 20 16:14:31 +0000 2026","tweet-2024880352163172577","@rimuru_onclock kaya siguro di na gumagaling-galing tong ubo't sipon ko ma, kakarelapse ko pala to sa kanilang dalawa 😅"
"Fri Feb 20 16:12:49 +0000 2026","tweet-2024879927439642820","ilapag ko lang to dito kasi naman pagod na pagod na ako sa review kanina tapos pagpasok ko bumungad na naman si mingyu sakin https://t.co/kaIl5hLHLY"
"Fri Feb 20 16:12:41 +0000 2026","tweet-2024879892685615556","Minsan, gusto kong magsumbong sayo,
Kapag pagod na pagod na ako

Wawa ang Rave namin nilagnag at inubo na, miss nadin kausap si Ashley. https://t.co/cgEePTdxEL"
"Fri Feb 20 16:12:41 +0000 2026","tweet-2024879892316430422","isang yakapsul lang ni arwen tanggal yang lagnat mo rave sinasabi ko sa’yo HAHAHABBAABABABABABAB EME"
"Fri Feb 20 15:55:14 +0000 2026","tweet-2024875500632785329","ayaw ko na heartopia pagod na pagod na pagod na ako"
"Fri Feb 20 15:39:47 +0000 2026","tweet-2024871613871919586","hays sipon"
"Fri Feb 20 15:32:39 +0000 2026","tweet-2024869815954055494","Grabe mukha ni bianca.. parang pagod na pagod 🥲🥲"
"Fri Feb 20 15:18:46 +0000 2026","tweet-2024866325928247301","ang peaceful mag byahe ng ganitong oras tapos magiging rest in peace ka rin at the same time dahil sa lagnat"
"Fri Feb 20 15:18:25 +0000 2026","tweet-2024866235788538063","pagod na pagod na😢"
"Fri Feb 20 15:18:18 +0000 2026","tweet-2024866207472771244","pagod na pagod na pagod"
"Fri Feb 20 15:10:08 +0000 2026","tweet-2024864151781429672","tindi naman ng virus na yun, grabe di mawala wala sipon ko🤧"
"Fri Feb 20 15:06:54 +0000 2026","tweet-2024863336442311017","Pagod na pagod talagaaa hahaha"
"Fri Feb 20 14:58:21 +0000 2026","tweet-2024861186408493260","Jusq ano ba naman pagod na pagod yung tao lumibot sa myeongdeong, ganto pa makikita paguwi 🥵 https://t.co/pcBC1ZuSXS"
"Fri Feb 20 14:55:54 +0000 2026","tweet-2024860568432320685","Romantic ung mad confession in the rain nor ung dancing with you in the rain.

pero mas dabest kapag parehas kayong inapoy ng lagnat after nyan☺️

TALA LEARNS sacriFRIce
CAPKRYS SOFRI DIKIT
#Capkrys https://t.co/4UgGf2IOPE"
"Fri Feb 20 14:54:47 +0000 2026","tweet-2024860290035454117","Dalia na nako tablan ug lagnat karun uy😫"
"Fri Feb 20 14:53:54 +0000 2026","tweet-2024860064906084448","Kahit mawala na lang baradong ilong ko please"
"Fri Feb 20 14:53:37 +0000 2026","tweet-2024859993900748995","Tangina imbis na gumaling, tumaas pa lagnat"
"Fri Feb 20 14:40:53 +0000 2026","tweet-2024856790048084392","pagod na pagod na talaga ako first week palang"
"Fri Feb 20 14:39:12 +0000 2026","tweet-2024856365135798520","hay pagod na pagod ang bebi : ("
"Fri Feb 20 14:35:02 +0000 2026","tweet-2024855318875054556","Kung may group chat si God kasama ang angels, baka ganito ang usapan tungkol sa'yo:

God: ""Check niyo nga si Rence. Ang tapang niya today, kahit pagod na pagod.""

Angel 1: ""Lord, nakita niyo ba? Gusto na niyang sumuko kanina pero tinuloy pa rin niya."""
"Fri Feb 20 14:33:23 +0000 2026","tweet-2024854901717873054","@emibeon MEEE HUHU nilalagnat ako kanina jusko po pa re-sched na lang po ng lagnat ko lord pls"
"Fri Feb 20 14:31:30 +0000 2026","tweet-2024854428655013926","Yong pagod na pagod ka dahil sobrang aga ng duty tapos bigla mong nakita to, salamat sa buhay mo @kakaimontinolaa 

#kaimontinola https://t.co/NzyUAvjzE6"
"Fri Feb 20 14:30:09 +0000 2026","tweet-2024854089373499404","nakakapagod i-heal sarili kaka-oo sa lahat HAHAHAHAHAHA pagod na pagod ako this week pls lang 😭"
"Fri Feb 20 14:17:46 +0000 2026","tweet-2024850971416051863","Pagod na pagod na ako"
"Fri Feb 20 14:11:48 +0000 2026","tweet-2024849471226675631","pagod na pagod na ako maging eldest daughter in a filipino household na breadwinner din kasi bakit napakarami kong responsibilidad"
"Fri Feb 20 14:09:57 +0000 2026","tweet-2024849003930959942","2nd day lagnat https://t.co/vBH8cWCw6X"
"Fri Feb 20 14:07:43 +0000 2026","tweet-2024848443399901602","pag sa galaan palong palo, pero pag samin pagod na pagod lagi e no hahaha"
"Fri Feb 20 14:04:55 +0000 2026","tweet-2024847737313976659","Ay ang ganda ng tanong 🥹✨ parang spoken-word sa langit ah.

Kung may group chat ang Diyos at mga anghel, baka ganito ang usapan nila tungkol sa’yo:

God:
“Alam n’yo ba? Tahimik siya minsan, pero ang lalim ng puso niya. Pagod na pagod na, pero hindi pa rin sumusuko.”"
"Fri Feb 20 14:03:08 +0000 2026","tweet-2024847290972913853","hindi ko na kaya tangina pagod na pagod nako"
"Fri Feb 20 13:54:36 +0000 2026","tweet-2024845140821749963","@wilbea_ofc May lagnat yan siya pag tagalog na raw po 

VIARKIN IN LOVENAT

#GSOTLikeMagnets
#WilBea"
"Fri Feb 20 13:53:24 +0000 2026","tweet-2024844842543763656","ung naiyak ka pero sipon mo natulo"
"Fri Feb 20 13:53:12 +0000 2026","tweet-2024844789733306586","sino ba kasi nagsabing magbinondo pa kanina... alam namang may inaabangan today hahahahaha 

 pagod na pagod tuloy ako hahaha magmula kaninang 4am pa ako gising, grabeng antok to 😭😭😭"
"Fri Feb 20 13:50:25 +0000 2026","tweet-2024844091750789620","@labyubearymuch Ay te, inangkin ko na po lahat, ubo, sipon, lagnat. pabalik balik lang hahahaha 

VIARKIN IN LOVENAT
#GSOTLikeMagnets"
"Fri Feb 20 13:49:19 +0000 2026","tweet-2024843812687012239","Buti nlng di nagtuloy ang lagnat. Hndi ko sasabayan tonight si Via kasi wala naman akong Larkin hahahuhu

VIARKIN IN LOVENAT
#GSOTLikeMagnets
#WilBea"
"Fri Feb 20 13:43:35 +0000 2026","tweet-2024842369078866412","ahhhh kanina 'di naman na masakit ang lalamunan ko tapos ngayon oo na naman"
"Fri Feb 20 13:42:03 +0000 2026","tweet-2024841984759021765","May sipon na ba ang lahat

VIARKIN IN LOVENAT

#GSOTLikeMagnets 
#WilBea"
"Fri Feb 20 13:40:30 +0000 2026","tweet-2024841596194459907","Our GM and Ops. Asst. Mgr. visited us today. Since 10AM to 5PM we are continuously doing meetings in regard to business and operations. Nakaka dry! Pagod na pagod ang utak ng akla. Kaya naman pinatulan ko na yung colleagues na nag-aya kumaen sa buffet."
"Fri Feb 20 13:26:51 +0000 2026","tweet-2024838157246832825","may lagnat pala ang via, need na ng yakapsul at kisspirin ni arkin

VIARKIN IN LOVENAT
VIARKIN IN LOVENAT https://t.co/5J7fwQUAQC"
"Fri Feb 20 13:25:08 +0000 2026","tweet-2024837727657861487","Lagnat laki lang yan 

VIARKIN IN LOVENAT"
"Fri Feb 20 13:18:57 +0000 2026","tweet-2024836169234870494","Pagod lang—- pagod na pagod"
"Fri Feb 20 13:14:38 +0000 2026","tweet-2024835084256436411","@wilbea_ofc kasi may lagnat yung kapitbahay ko 

VIARKIN IN LOVENAT

#GSOTLikeMagnets
#WilBea"
"Fri Feb 20 13:14:06 +0000 2026","tweet-2024834951942910326","naol lovenat sakin lagnat lang eh may ubo at sipon pa hayup

VIARKIN IN LOVENAT
VIARKIN IN LOVENAT
VIARKIN IN LOVENAT"
"Fri Feb 20 13:01:56 +0000 2026","tweet-2024831889920680230","1 hour lang nag adjust yung schedule ko pero pagod na pagod ako??? 😭😭"
"Fri Feb 20 12:57:23 +0000 2026","tweet-2024830745655812403","kainis naman yung sipon ko 😭🙂‍↕️"
"Fri Feb 20 12:51:48 +0000 2026","tweet-2024829336734585196","多井さん連投か、そんな気がしてたよ
頑張って👍"
"Fri Feb 20 12:48:49 +0000 2026","tweet-2024828589003403280","pagod na pagod"
"Fri Feb 20 12:46:28 +0000 2026","tweet-2024827997178777997","Ito ata gamot sa lagnat ko"
"Fri Feb 20 12:45:43 +0000 2026","tweet-2024827808191758844","Jusko! May sipon na naman ako. 😭"
"Fri Feb 20 12:45:12 +0000 2026","tweet-2024827677824434617","pagod na pagod ako ngayon tapos gusto ko ng asawa na yayakap sakin huhu meron ba sa grab niyan? 😞"
"Fri Feb 20 12:44:58 +0000 2026","tweet-2024827618982523012","medyo okay na pakiramdam, ubo tska sipon na lang 🤧"
"Fri Feb 20 12:44:33 +0000 2026","tweet-2024827514946998518","pagod na pagod na ako"
"Fri Feb 20 12:44:06 +0000 2026","tweet-2024827400471847259","pagod na pagod na pagod na pagod na ako legit no joke fr fr fr"
"Fri Feb 20 12:31:48 +0000 2026","tweet-2024824303989211476","pagod na pagod na akoooo"
"Fri Feb 20 12:30:07 +0000 2026","tweet-2024823881362751718","Brooo pagod na pagod na ako"
"Fri Feb 20 12:26:19 +0000 2026","tweet-2024822923694141888","@intomak_ali pakinggan mo nalang vm ko, may sipon effect pa"
"Fri Feb 20 12:24:15 +0000 2026","tweet-2024822404187660323","sobrang pagod na pagod talaga ako this week nandun na ako sa point na nananakot ulit ako sa management na magreresign na ako pero iniisip ko na sige itutulog ko nalang tas bawi nalang ulit bukas marami pa akong revo na hindi narereplyan https://t.co/4YFVCAXelc"
"Fri Feb 20 12:20:10 +0000 2026","tweet-2024821377854066873","去年の実績から読むと下半期まではスーパーセール以外はクーポン無いから同様を想定して動くか"
"Fri Feb 20 12:20:03 +0000 2026","tweet-2024821348560941156","Nakaupo maghapon sa work pero parang pagod na pagod ako

ASHRAVE BIYERMISS YOU
#AlwaysWithAshley"
"Fri Feb 20 12:12:38 +0000 2026","tweet-2024819482557079684","楽天スーパーセールのぐぐぷれ10%だし気持ちよく満額入れれるな"
"Fri Feb 20 12:00:29 +0000 2026","tweet-2024816426473894102","@Euphiephany hahahaha pagod na pagod na si Mingyu niyoo 😆"
"Fri Feb 20 11:57:48 +0000 2026","tweet-2024815747097387318","Hi, guys! Sorry inaantok na ako huhu. Pagod na pagod ako sa whole day na nasa iskul saka sa ilang oras na byahe papunta at pauwi.😭"
"Fri Feb 20 11:46:16 +0000 2026","tweet-2024812847084286065","@olivvyoursss whahahahahaha pagod na pagod na sa prom tapos walang ticket sa gig ni wilbert 😭"
"Fri Feb 20 11:40:54 +0000 2026","tweet-2024811496442823162","NAIIYAK AKO BOOM 

both teams pagod na pagod 😭"
"Fri Feb 20 11:30:18 +0000 2026","tweet-2024808827485581647","@sipon_ship4 大谷モバァイル！！（爆音）"
"Fri Feb 20 11:25:35 +0000 2026","tweet-2024807642770923692","@L_ver5_zz SIMの月額料金？"
"Fri Feb 20 11:20:43 +0000 2026","tweet-2024806416528322697","Parang deserve ko ng Jco kasi pagod na pagod na ako. Hahahahahahaha"
"Fri Feb 20 11:09:27 +0000 2026","tweet-2024803580398678118","POTA POTA POTA PAGOD NA PAGOD NAKOOO BKSKSKSNSBSJSNSSNBSBS"
"Fri Feb 20 10:54:43 +0000 2026","tweet-2024799873523155126","MATANGGAL NA DIN SANA ANG UBO AT SIPON KO PLSSS"
"Fri Feb 20 10:23:45 +0000 2026","tweet-2024792081127129140","sobrang gandaa!!!!

hirap na hirap akong umiyak habang may sipon kainis, 10/10 will read (&amp; cry) again &lt;3"
"Fri Feb 20 10:11:33 +0000 2026","tweet-2024789011336991075","@Kota_Tangerang Bagus nih, 
Skalian tertibkan area sipon. Masa tiap sore macet, yg bayar pajak dapat macet, yg dapat duit tukang parkir sama pkl"
"Fri Feb 20 10:04:01 +0000 2026","tweet-2024787116354580488","fuck lagnat"
"Fri Feb 20 09:59:50 +0000 2026","tweet-2024786060681908426","pagod nako pagod na pagod n"
"Fri Feb 20 09:58:48 +0000 2026","tweet-2024785802547667123","Inang lagnat di makisama amp🤧"
"Fri Feb 20 09:57:13 +0000 2026","tweet-2024785403132391440","pagod na pagod na"
"Fri Feb 20 09:48:11 +0000 2026","tweet-2024783128385229259","kaka stream ng multo stripped down lagnat ko na ang nag relapse"
"Fri Feb 20 09:41:43 +0000 2026","tweet-2024781500814922068","@cheolttalgi_ PLEASE LANG PAGOD NA PAGOD NA AKO SA PROMPTS MO!!!!; MAGTAPOS KA NAMAN ANU YAN PURO PROMPTS NA LANG BAAAAAAA https://t.co/kqXc9Wxn6y"
"Fri Feb 20 09:31:06 +0000 2026","tweet-2024778830603567337","tangina pagod na pagod nako"
"Fri Feb 20 08:40:54 +0000 2026","tweet-2024766196105752927","combo naman talagang sipon aabutin ko dito eh 😭😭😭"
"Fri Feb 20 08:23:09 +0000 2026","tweet-2024761729683751342","finally done with the exam 🫠 makakapahinga na ang may lagnat hahaha"
"Fri Feb 20 08:22:37 +0000 2026","tweet-2024761597991014915","crying pagod na pagod na ako https://t.co/AUwirRod1G"
"Fri Feb 20 08:11:40 +0000 2026","tweet-2024758840286466395","@_sheensui Hahaha Oo pre masakit na din ulo ko kakabahing dahil sa sipon 😝"
"Fri Feb 20 07:55:01 +0000 2026","tweet-2024754651179196808","hahaha so pano lalakas loob ko magresign nyan? hahaha di ko alam kung makakatagpo pa ko ng ganitong sv na araw-araw yata akong pababaunan ng pagkain tsaka lemon tea hangga't may lagnat ako 🤣 what if wag na gumaling? eme"
"Fri Feb 20 07:48:53 +0000 2026","tweet-2024753106253451687","super pagod na pagod na'ko😢"
"Fri Feb 20 07:48:11 +0000 2026","tweet-2024752931308970120","Hindi ko alam bakit parang pagod na pagod ako this week eh today lang naman ako nag onsite. Must be the age. 😅"
"Fri Feb 20 07:41:02 +0000 2026","tweet-2024751133412249730","pakahirap na nga maapprove ng leave sa work. ngayong na-approve may lagnat naman ako. wtf"
"Fri Feb 20 07:38:01 +0000 2026","tweet-2024750372452258002","wala na syang lagnat ,❤️"
"Fri Feb 20 07:27:43 +0000 2026","tweet-2024747779357364639","huhu last Tuesday, gi sipon😩 https://t.co/6EI5nBnJWL"
"Fri Feb 20 07:25:09 +0000 2026","tweet-2024747135816921388","yawa nadugo na ang ilong sa sipon amppp"
"Fri Feb 20 07:21:31 +0000 2026","tweet-2024746219130736853","tulo na ang luha, tulo pa ang sipon! nakakaiyak ang #MeetGreetAndBye"
"Fri Feb 20 07:21:11 +0000 2026","tweet-2024746135265694062","naulaw ang hilanat tungod sa nars"
"Fri Feb 20 07:16:26 +0000 2026","tweet-2024744942414025134","@_sheensui Ako baradong ilong, dry na ubo at lagnat. I feel hot bruhhh HAHAHAH!"
"Fri Feb 20 07:16:08 +0000 2026","tweet-2024744864697766148","@berlinsoriano_ @GekoySquad @tetchied Towel na nga sa akin. Halo na luha at sipon. 

KOKOY DE SANTOS
Jobert
#HouseOfLies
#HOLMagkapatid"
"Fri Feb 20 07:10:05 +0000 2026","tweet-2024743342161220100","@hepheplhorei baradong ilong lang hehe"
"Fri Feb 20 07:02:18 +0000 2026","tweet-2024741383417057728","Sabi ko sabay ako sa boss ko kasi di na ako magscooter ang jinet at may lagnat nga. Ending WFH nalang daw. Ang dami tuloy gagawin sa bahay.

LABA-TUPI-LINIS-WORK

Mas pagod pala to. Huhuhaha"
"Fri Feb 20 07:00:36 +0000 2026","tweet-2024740955396661301","Okay weather change na. Summer na agad. Wahhh. May lagnat naba lahat? Huhu"
"Fri Feb 20 06:55:40 +0000 2026","tweet-2024739716541927627","maypang hilanat, magbalik2. eyy"
"Fri Feb 20 06:55:00 +0000 2026","tweet-2024739545691148424","'PAGOD NA PAGOD NA AKO. TAMA NA.'
 
Nais nang matapos ni Sofia Trazona ang gulo sa kaniyang pamilya matapos ang kontrobersiyal na interview ni Alvin Aragon.
 
Kaugnay na ulat: https://t.co/rGNX57pyPb https://t.co/WEVGjGcPek"
"Fri Feb 20 06:39:47 +0000 2026","tweet-2024735716455154034","May sipon at ubo naba lahat?"
"Fri Feb 20 06:30:53 +0000 2026","tweet-2024733477929894092","@_888ana pagod na pagod na ako sis"
"Fri Feb 20 06:25:06 +0000 2026","tweet-2024732020887437523","Lord, I believe, sya ang gamot sa lagnat q ngayon 😭😭😭"
"Fri Feb 20 06:18:18 +0000 2026","tweet-2024730310647435454","Pagod na pagod na ako"
"Fri Feb 20 06:18:09 +0000 2026","tweet-2024730272160502004","Na para bang sasabayan ko pa si Via ng lagnat mmaya. Ang pagkakaiba lang si Via may Arkin na tiga alaga, ako nganga 🥲🤒"
"Fri Feb 20 06:08:59 +0000 2026","tweet-2024727967604289627","@Baby_CaiReel @kawaiidona_s Tulo sipon nya.

KOKOY DE SANTOS
Jobert
#HouseOfLies
#HOLMagkapatid"
"Fri Feb 20 05:51:15 +0000 2026","tweet-2024723502214058280","Pahingi ng madaming pasensya ngayon araw natoh and sa mga susunod na araw. 😭

Pagod na pagod nako umitindi sa mga tao."
"Fri Feb 20 05:45:53 +0000 2026","tweet-2024722153225212002","@mwksiez HAHAHAHSHAAHA real daming absent samin lagnat daw"
"Fri Feb 20 05:13:09 +0000 2026","tweet-2024713914043552203","Pinaparusahan na naman ako sa mga kasalanan ko. Kung kelan talaga may ubo at sipon saka dinatnan. Kaya pala ang bilis ko na mairita. At sinakto pa talaga eh. Kada-ubo may bulwak shuta 😔🥴🫩"
"Fri Feb 20 05:10:47 +0000 2026","tweet-2024713320771834307","Kelan update thorrr 

— pagaling lang ako sa lagnat! and busy din kasi ako sa cbn since lapit na big night https://t.co/cL9n0Gkn93"
"Fri Feb 20 04:52:05 +0000 2026","tweet-2024708616088146177","dawet telasih bu dermi overrated trust me. Dawet Hj. Sipon much better"
"Fri Feb 20 04:15:06 +0000 2026","tweet-2024699305685324030","wtf ngayon ko narealize na sobrang dami kong ginawa this week to the point na hindi ko alam pagod na pagod na ako"
"Fri Feb 20 04:10:25 +0000 2026","tweet-2024698127949975691","puro gipang hilanat ya mga tao after bulang Hahaha"
"Fri Feb 20 03:50:25 +0000 2026","tweet-2024693095405846537","@gmanetwork Kaya naman pagod na pagod na pagod ang may anak ng may ari ng school makapaypay lang, buwis buhay

#CapEath #CapriceCayetano #HeathJornales"
"Fri Feb 20 03:39:24 +0000 2026","tweet-2024690321209381214","@bremaine_xoxo @MotaRosali92609 umiiyak w sipon yan sha"
"Fri Feb 20 03:32:08 +0000 2026","tweet-2024688493977645400","tgina nyo ssg at usg sumasabay pa kayo sa lagnat ko"
"Fri Feb 20 03:06:43 +0000 2026","tweet-2024682099396198708","pagod na pagod narin kakaisip hays"
"Fri Feb 20 02:58:55 +0000 2026","tweet-2024680132724850916","pagod na pagod nako 😭😭😭"
"Fri Feb 20 02:50:49 +0000 2026","tweet-2024678096251809850","lahat ba may ubo’t sipon at sore throat 🤣"
"Fri Feb 20 02:48:40 +0000 2026","tweet-2024677555014684860","Grabe di na nawalan ng lagnat every month ba to? umaaaaay sa mga gamot😭"
"Fri Feb 20 02:37:43 +0000 2026","tweet-2024674800283897938","last year parang di ako nagka-colds pero this year twice na ako nagka-sipon 😣 wag naman sana monthly to ano po"
"Fri Feb 20 02:34:56 +0000 2026","tweet-2024674100560752951","Ubo Sipon, Deserved! Laagan mn😂"
"Fri Feb 20 02:13:53 +0000 2026","tweet-2024668803398062147","🤧😷

Grabe tong sipon at ubo na to nkklk"
"Fri Feb 20 01:56:25 +0000 2026","tweet-2024664404533662198","@ohsipon banyak tingkah bgt sipon."
"Fri Feb 20 01:39:34 +0000 2026","tweet-2024660165300257057","sakit tangina huhu pls kung magkakasakit ako kahit sipon na lang wag na ubo 🥹🙏"
"Fri Feb 20 01:17:26 +0000 2026","tweet-2024654594065027161","fresh pa rin kahit may lagnat sana all"
"Fri Feb 20 01:09:57 +0000 2026","tweet-2024652711006982517","Next year na uli yung lagnat na to"
"Fri Feb 20 01:06:19 +0000 2026","tweet-2024651797974176083","Di naman ako pa pinapapawisan pero di ako lagnat"
"Fri Feb 20 01:06:14 +0000 2026","tweet-2024651777266897239","@mysolacesvt13 no po! almost same din po ang contents ni decolgen at tuseran!

depende na lang po kung ano nararamdaman ni patient. yung decolgen po ay para sa may sipon (kaya siya may chlorphenamine maleate) at ang tuseran ay para sa may ubo (may dextromethorphan hbr)."
"Fri Feb 20 00:59:25 +0000 2026","tweet-2024650059892347171","ang unfair grabe kapag ako may lagnat parang pinaparusahan ako ng lahat ng santo tas si bading ganto kaganda? https://t.co/OLZk3zdeLO"
"Fri Feb 20 00:55:19 +0000 2026","tweet-2024649029066612890","ano bang sipon to mag 2 weeks na mabigat pa din"
"Fri Feb 20 00:54:03 +0000 2026","tweet-2024648709678780565","今週でもギリマウント届きそうだけど来週の方が楽だし来週に回そう"
"Fri Feb 20 00:09:45 +0000 2026","tweet-2024637564012155254","40 lagnat q plus suka agad pag gising hahah naunsa nako"
"Thu Feb 19 23:53:40 +0000 2026","tweet-2024633515837706688","bakit march 8 pa ang start ng DST???????? pagod na pagod na ang oat na ito"
"Thu Feb 19 23:42:56 +0000 2026","tweet-2024630812612902937","pagod na pagod na mag calls, ubos na empathy ko kingenuh"
"Thu Feb 19 22:56:48 +0000 2026","tweet-2024619203089912206","Lahat ba may sipon na?"
"Thu Feb 19 22:06:07 +0000 2026","tweet-2024606449121579221","Welcome back sipon"
"Thu Feb 19 21:39:00 +0000 2026","tweet-2024599626138161245","Bshet na hagdan sa brokeeeee gi hilanat ko"
"Thu Feb 19 21:16:23 +0000 2026","tweet-2024593934266290485","Another sipon gaming  but need to wok hayys"
"Thu Feb 19 21:04:03 +0000 2026","tweet-2024590830905053517","Para may sinat ako"
"Thu Feb 19 20:38:01 +0000 2026","tweet-2024584277258883268","pagod na pagod na po ako huhu"
"Thu Feb 19 20:26:27 +0000 2026","tweet-2024581368609751303","Ito na lagnat na"
"Thu Feb 19 20:20:47 +0000 2026","tweet-2024579941111849291","pagod na pagod na ako :{"
"Thu Feb 19 19:54:11 +0000 2026","tweet-2024573245752770966","Pagod na pagod na ang eabab na i2 sa engineering 😣 Sana makawala na sa NUFV next year 🤞🏼"
"Thu Feb 19 18:50:09 +0000 2026","tweet-2024557133191389448","please pagod na pagod nako 😭"
"Thu Feb 19 18:46:58 +0000 2026","tweet-2024556329898299643","pms x lagnat x exam week big is te na dis"
"Thu Feb 19 18:06:29 +0000 2026","tweet-2024546144291082527","hahahaha epal sipon amp https://t.co/sewRfi1DAJ"
"Thu Feb 19 17:42:22 +0000 2026","tweet-2024540074994729136","kaya ko ba toh? pagod na pagod na ang girly na toh :("
"Thu Feb 19 17:29:57 +0000 2026","tweet-2024536947662999933","Lagnat na nga, nagpupuyat pa 👍🏿"
"Thu Feb 19 17:16:22 +0000 2026","tweet-2024533530521587788","@GlowingHeart_13 May sipon din ako huhu"
"Thu Feb 19 17:16:02 +0000 2026","tweet-2024533446706811375","Me rn dahil may sipon"
"Thu Feb 19 17:04:18 +0000 2026","tweet-2024530493979660313","Kainis na sipon to"
"Thu Feb 19 16:56:01 +0000 2026","tweet-2024528411331616983","Sakit sa ulo netong sipon ko ngayon. 😫"
"Thu Feb 19 16:39:57 +0000 2026","tweet-2024524367334691304","+ trangkaso and lagnat"
"Thu Feb 19 16:39:17 +0000 2026","tweet-2024524198195155283","Myyy head is aching because of my sipon.😵‍💫🫨"
"Thu Feb 19 16:35:50 +0000 2026","tweet-2024523329710018739","un🔑🔓 bukas na lang poooi paguwi. pagod na pagod na si mæm, wala pa nga eh 🥲"
"Thu Feb 19 16:29:16 +0000 2026","tweet-2024521679289143323","hindi ako makatulog sa sipon ko :(("
"Thu Feb 19 16:25:19 +0000 2026","tweet-2024520682143649980","kung kelan talaga pagod na pagod eh noh?"
"Thu Feb 19 16:19:28 +0000 2026","tweet-2024519212849582340","Araw araw nalang lagnat pota"
"Thu Feb 19 16:14:30 +0000 2026","tweet-2024517960799601151","parang pagod na pagod si Alex😭"
"Thu Feb 19 16:13:48 +0000 2026","tweet-2024517787809697914","And planning di pumasok bukas? Kasi mugtong mugto na mata ko to the extent di na makahinga dahil sa sipon at ubo😔"
"Thu Feb 19 16:09:48 +0000 2026","tweet-2024516779758817321","@Shararti_Ai E log sirf pisay sai mutasir hai chahai fargon q na hon inka zameer main sirf pisa hai aur hamary jisa log maryam nawaz zardari jisay logo kai pisay pai lagnat baijdai hai e"
"Thu Feb 19 15:58:14 +0000 2026","tweet-2024513867624431975","sa sobrang fast-paced sa audit, para akong tumanda ng 5yrs in the span of 7 months. pagod na pagod na ako. 😔"
"Thu Feb 19 15:51:18 +0000 2026","tweet-2024512121850208279","PAGOD NA PAGOD NA PO AKO LORD😭"
"Thu Feb 19 15:50:45 +0000 2026","tweet-2024511983702462878","pagod na pagod si disney prince pero kailangan paring kumayod upang makapag-ipon para sa birthday ng lola niya 😌"
"Thu Feb 19 15:35:21 +0000 2026","tweet-2024508107477692614","Naalala ko yung lyrics na "" Minsan gusto kong mag magsumbong Sayo ,Kapag Pagod na pagod na ako.""

#SanggreAwaitedReunion
#AvisalaAmihan
KYLIE PADILLA https://t.co/YsvMwmjijd"
"Thu Feb 19 15:35:06 +0000 2026","tweet-2024508047268467060","PAGOD NA PAGOD NA PAGOD"
"Thu Feb 19 15:31:34 +0000 2026","tweet-2024507158969405867","aa hirap patulugin ng lagnat na'to"
"Thu Feb 19 15:27:54 +0000 2026","tweet-2024506233433289120","inaantok na ako pero hindi makatulog amp dalawang oras lang tulog ko kagabi tapos ayaw pa matulog ng katawan ko kahit pagod na pagod na ako no ba yan"
"Thu Feb 19 15:20:08 +0000 2026","tweet-2024504281907568941","pagod na pagod na ako"
"Thu Feb 19 15:16:11 +0000 2026","tweet-2024503285391183925","jusko! pagod na pagod si Nick Jonas sau boi! hahahaha"
"Thu Feb 19 15:12:22 +0000 2026","tweet-2024502324425810279","Here we are with midnight consults at the er. 
Na and chief complaint ay “sipon na 2 years na”. 

Ayaw ko talaga mag beast mode Pero. Lord! 
Kausapin mo naman yung patient, wag lang si st Alvin. Hahaha"
"Thu Feb 19 15:07:14 +0000 2026","tweet-2024501035520385273","fuck sipon"
"Thu Feb 19 15:01:48 +0000 2026","tweet-2024499665782395157","pag mali mali na ang nacaption ko, xori in advance at ako’y pagod na pagod na 🤗🤗"
"Thu Feb 19 14:58:46 +0000 2026","tweet-2024498900925919523","ehh sobrang tahimik ko din kase nga may ubo at sipon ako so tahimik din sya, pero may conversation pa din naman kame. tas simula nung naka tabi ko Yan lagi na yang nainom sa tumbler ko"
"Thu Feb 19 14:54:50 +0000 2026","tweet-2024497911535718662","please lang maging wais at matalino sana tayo sa pag boto, pagod na pagod na ako mag trabaho tapos kakaltasan ka ng napaka laki govt ""benefits"" na hindi naman tayo nakikinabang!"
"Thu Feb 19 14:53:56 +0000 2026","tweet-2024497685525627307","@huntsporky muff nag 2026 nalang, may ubo’t sipon ka pa rin"
"Thu Feb 19 14:32:28 +0000 2026","tweet-2024492284402896917","I need a bever buff rn dalawang linggo na akong pagod na pagod mag-aral 😭 awa na lang sakin"
"Thu Feb 19 14:29:26 +0000 2026","tweet-2024491522956415216","Arrived at Baguio around 7am
Had a meeting with Brgy Cap. around 9am-11am
SLU Errands plus Tutoring for Article Publishing around 1pm-5pm
Master Class by 6-9pm

Leave Baguio by 11pm!
Pagod na pagod katawang lupa ko and utak https://t.co/XZicddVHZT"
"Thu Feb 19 14:25:17 +0000 2026","tweet-2024490477882634272","pagod na pagod na pagod na pagod na pagod na pagod"
"Thu Feb 19 14:24:22 +0000 2026","tweet-2024490246277386740","Pagod na pagod na ako, parang awa nyo na please. Let me go. Let me go."
"Thu Feb 19 14:15:47 +0000 2026","tweet-2024488084361085400","Assessment na nila bella sa reading ugma gi lagnat pa ang babaje🥺"
"Thu Feb 19 14:07:46 +0000 2026","tweet-2024486069774012769","@talmejes kala ko naiinitan sila? bakit parang nilalamig tong dalawa sa sobrang dikit"
"Thu Feb 19 14:06:55 +0000 2026","tweet-2024485855017259042","Bwisit na sipon 👊🏻"
"Thu Feb 19 14:05:49 +0000 2026","tweet-2024485576049906096","grabe lagnat nako uy pa 40 namani unta mag suspend klase ugma"
"Thu Feb 19 13:59:38 +0000 2026","tweet-2024484019640160466","tangina, legit 'yong pagod today hayop. pagod na pagod mata ko, katawan ko, lahat na!"
"Thu Feb 19 13:53:46 +0000 2026","tweet-2024482543635169758","lagnat na naman🤒"
"Thu Feb 19 13:52:15 +0000 2026","tweet-2024482161630536006","Pede na ang C2 Gin, tagtag lagnat."
"Thu Feb 19 13:40:24 +0000 2026","tweet-2024479179878912303","iyak aq ayaw na mawala mg sipon ko 😿"
"Thu Feb 19 13:33:47 +0000 2026","tweet-2024477517193892040","Pusta ko nakangiti pa si Cy kahit mahawaan na siya ng lagnat ni Yen. 🤣 https://t.co/JrrdRkSfOR"
